A549_ID_0	ENCFF215ZJQ,ENCFF037NDD,ENCFF548VIM,ENCFF633PXA	ENCFF740RUT,ENCFF904HDB,ENCFF735JED
A549_ID_1	ENCFF215ZJQ,ENCFF037NDD,ENCFF548VIM,ENCFF633PXA	ENCFF348ILR,ENCFF786JZT,ENCFF056KDJ
adrenal_gland_ID_2	ENCFF739QZS	ENCFF366CJE
adrenal_gland_ID_3	ENCFF739QZS	ENCFF226RYX
A549_ID_4	ENCFF658VKV,ENCFF838CUA,ENCFF369CLX,ENCFF455QZC,ENCFF008YUA	ENCFF498XMT
A549_ID_5	ENCFF658VKV,ENCFF838CUA,ENCFF369CLX,ENCFF455QZC,ENCFF008YUA	ENCFF569EEN,ENCFF953GID,ENCFF887OAP
heart_left_ventricle_ID_6	ENCFF721LON	ENCFF977RSS
heart_left_ventricle_ID_7	ENCFF967KZG	ENCFF977RSS
heart_right_ventricle_ID_8	ENCFF505BWK	ENCFF038HDN
pancreas_ID_9	ENCFF254VRC	ENCFF553NLN
right_lobe_of_liver_ID_10	ENCFF854BNU	ENCFF833JWT
aorta_ID_11	ENCFF397WGK	ENCFF233YWT
CD14-positive_monocyte_ID_12	ENCFF856YMV	ENCFF541EYI
spleen_ID_13	ENCFF644HJM	ENCFF188TJD
spleen_ID_14	ENCFF644HJM	ENCFF451IRO
spleen_ID_15	ENCFF644HJM	ENCFF319NIE
spleen_ID_16	ENCFF644HJM	ENCFF975CQD
spleen_ID_17	ENCFF644HJM	ENCFF443NQO
spleen_ID_18	ENCFF644HJM	ENCFF395IUJ
spleen_ID_19	ENCFF191QFX	ENCFF188TJD
spleen_ID_20	ENCFF191QFX	ENCFF451IRO
spleen_ID_21	ENCFF191QFX	ENCFF319NIE
spleen_ID_22	ENCFF191QFX	ENCFF975CQD
spleen_ID_23	ENCFF191QFX	ENCFF443NQO
spleen_ID_24	ENCFF191QFX	ENCFF395IUJ
spleen_ID_25	ENCFF470LMW	ENCFF188TJD
spleen_ID_26	ENCFF470LMW	ENCFF451IRO
spleen_ID_27	ENCFF470LMW	ENCFF319NIE
spleen_ID_28	ENCFF470LMW	ENCFF975CQD
spleen_ID_29	ENCFF470LMW	ENCFF443NQO
spleen_ID_30	ENCFF470LMW	ENCFF395IUJ
lower_lobe_of_left_lung_ID_31	ENCFF679UMI	ENCFF603LSK
lower_lobe_of_left_lung_ID_32	ENCFF679UMI	ENCFF737JBA
lower_lobe_of_left_lung_ID_33	ENCFF368VTG	ENCFF603LSK
lower_lobe_of_left_lung_ID_34	ENCFF368VTG	ENCFF737JBA
lower_lobe_of_left_lung_ID_35	ENCFF638DOH	ENCFF603LSK
lower_lobe_of_left_lung_ID_36	ENCFF638DOH	ENCFF737JBA
heart_left_ventricle_ID_37	ENCFF721LON	ENCFF730PAZ
heart_left_ventricle_ID_38	ENCFF721LON	ENCFF989TEB
heart_left_ventricle_ID_39	ENCFF721LON	ENCFF717BBH
heart_left_ventricle_ID_40	ENCFF046WBW	ENCFF730PAZ
heart_left_ventricle_ID_41	ENCFF046WBW	ENCFF989TEB
heart_left_ventricle_ID_42	ENCFF046WBW	ENCFF717BBH
heart_left_ventricle_ID_43	ENCFF603MKF	ENCFF730PAZ
heart_left_ventricle_ID_44	ENCFF603MKF	ENCFF989TEB
heart_left_ventricle_ID_45	ENCFF603MKF	ENCFF717BBH
heart_left_ventricle_ID_46	ENCFF852AVB	ENCFF730PAZ
heart_left_ventricle_ID_47	ENCFF852AVB	ENCFF989TEB
heart_left_ventricle_ID_48	ENCFF852AVB	ENCFF717BBH
heart_left_ventricle_ID_49	ENCFF676NHC	ENCFF730PAZ
heart_left_ventricle_ID_50	ENCFF676NHC	ENCFF989TEB
heart_left_ventricle_ID_51	ENCFF676NHC	ENCFF717BBH
heart_left_ventricle_ID_52	ENCFF774IGM	ENCFF730PAZ
heart_left_ventricle_ID_53	ENCFF774IGM	ENCFF989TEB
heart_left_ventricle_ID_54	ENCFF774IGM	ENCFF717BBH
heart_left_ventricle_ID_55	ENCFF967KZG	ENCFF730PAZ
heart_left_ventricle_ID_56	ENCFF967KZG	ENCFF989TEB
heart_left_ventricle_ID_57	ENCFF967KZG	ENCFF717BBH
heart_left_ventricle_ID_58	ENCFF594GME	ENCFF730PAZ
heart_left_ventricle_ID_59	ENCFF594GME	ENCFF989TEB
heart_left_ventricle_ID_60	ENCFF594GME	ENCFF717BBH
heart_right_ventricle_ID_61	ENCFF505BWK	ENCFF205TFT
heart_right_ventricle_ID_62	ENCFF505BWK	ENCFF461LDR
heart_right_ventricle_ID_63	ENCFF140AYU	ENCFF205TFT
heart_right_ventricle_ID_64	ENCFF140AYU	ENCFF461LDR
heart_right_ventricle_ID_65	ENCFF170CRK	ENCFF205TFT
heart_right_ventricle_ID_66	ENCFF170CRK	ENCFF461LDR
heart_right_ventricle_ID_67	ENCFF072ZMZ	ENCFF205TFT
heart_right_ventricle_ID_68	ENCFF072ZMZ	ENCFF461LDR
heart_right_ventricle_ID_69	ENCFF646EXY	ENCFF205TFT
heart_right_ventricle_ID_70	ENCFF646EXY	ENCFF461LDR
heart_right_ventricle_ID_71	ENCFF810EZP	ENCFF205TFT
heart_right_ventricle_ID_72	ENCFF810EZP	ENCFF461LDR
heart_right_ventricle_ID_73	ENCFF746RHX	ENCFF205TFT
heart_right_ventricle_ID_74	ENCFF746RHX	ENCFF461LDR
heart_right_ventricle_ID_75	ENCFF129XZY	ENCFF205TFT
heart_right_ventricle_ID_76	ENCFF129XZY	ENCFF461LDR
heart_right_ventricle_ID_77	ENCFF035JJX	ENCFF205TFT
heart_right_ventricle_ID_78	ENCFF035JJX	ENCFF461LDR
pancreas_ID_79	ENCFF254VRC	ENCFF755UWS,ENCFF181NJO
pancreas_ID_80	ENCFF254VRC	ENCFF506MTS
pancreas_ID_81	ENCFF254VRC	ENCFF908YZG
pancreas_ID_82	ENCFF254VRC	ENCFF663EHB
pancreas_ID_83	ENCFF739DWU	ENCFF755UWS,ENCFF181NJO
pancreas_ID_84	ENCFF739DWU	ENCFF506MTS
pancreas_ID_85	ENCFF739DWU	ENCFF908YZG
pancreas_ID_86	ENCFF739DWU	ENCFF663EHB
pancreas_ID_87	ENCFF910FWQ	ENCFF755UWS,ENCFF181NJO
pancreas_ID_88	ENCFF910FWQ	ENCFF506MTS
pancreas_ID_89	ENCFF910FWQ	ENCFF908YZG
pancreas_ID_90	ENCFF910FWQ	ENCFF663EHB
pancreas_ID_91	ENCFF785YFT	ENCFF755UWS,ENCFF181NJO
pancreas_ID_92	ENCFF785YFT	ENCFF506MTS
pancreas_ID_93	ENCFF785YFT	ENCFF908YZG
pancreas_ID_94	ENCFF785YFT	ENCFF663EHB
pancreas_ID_95	ENCFF282OJH	ENCFF755UWS,ENCFF181NJO
pancreas_ID_96	ENCFF282OJH	ENCFF506MTS
pancreas_ID_97	ENCFF282OJH	ENCFF908YZG
pancreas_ID_98	ENCFF282OJH	ENCFF663EHB
pancreas_ID_99	ENCFF901ZDT	ENCFF755UWS,ENCFF181NJO
pancreas_ID_100	ENCFF901ZDT	ENCFF506MTS
pancreas_ID_101	ENCFF901ZDT	ENCFF908YZG
pancreas_ID_102	ENCFF901ZDT	ENCFF663EHB
A549_ID_103	ENCFF995HBI	ENCFF740RUT,ENCFF904HDB,ENCFF735JED
A549_ID_104	ENCFF995HBI	ENCFF348ILR,ENCFF786JZT,ENCFF056KDJ
endothelial_cell_of_umbilical_vein_ID_105	ENCFF309JXB	ENCFF228PAD,ENCFF034UBN
SJSA1_ID_106	ENCFF941LWY,ENCFF468DCR	ENCFF364AIR,ENCFF264EZF
HeLa-S3_ID_107	ENCFF187PXI	ENCFF948IRM,ENCFF712QHJ
middle_frontal_area_46_ID_108	ENCFF510KRD	ENCFF932FVV
middle_frontal_area_46_ID_109	ENCFF510KRD	ENCFF777JWI
middle_frontal_area_46_ID_110	ENCFF510KRD	ENCFF638KAU
middle_frontal_area_46_ID_111	ENCFF510KRD	ENCFF177EVZ
middle_frontal_area_46_ID_112	ENCFF510KRD	ENCFF535BVG
middle_frontal_area_46_ID_113	ENCFF510KRD	ENCFF864WAT
middle_frontal_area_46_ID_114	ENCFF510KRD	ENCFF890ZEQ
middle_frontal_area_46_ID_115	ENCFF510KRD	ENCFF529VDE
middle_frontal_area_46_ID_116	ENCFF510KRD	ENCFF633MNX
middle_frontal_area_46_ID_117	ENCFF510KRD	ENCFF678PNK
middle_frontal_area_46_ID_118	ENCFF510KRD	ENCFF835QGL
middle_frontal_area_46_ID_119	ENCFF510KRD	ENCFF682PIO
middle_frontal_area_46_ID_120	ENCFF510KRD	ENCFF227AWL
middle_frontal_area_46_ID_121	ENCFF510KRD	ENCFF592TSV
middle_frontal_area_46_ID_122	ENCFF510KRD	ENCFF114YIV
middle_frontal_area_46_ID_123	ENCFF510KRD	ENCFF575QTB
middle_frontal_area_46_ID_124	ENCFF510KRD	ENCFF244QQL
middle_frontal_area_46_ID_125	ENCFF510KRD	ENCFF761IWV
middle_frontal_area_46_ID_126	ENCFF510KRD	ENCFF105QXX
middle_frontal_area_46_ID_127	ENCFF510KRD	ENCFF072THO
middle_frontal_area_46_ID_128	ENCFF510KRD	ENCFF410HNA
middle_frontal_area_46_ID_129	ENCFF510KRD	ENCFF796DQP
middle_frontal_area_46_ID_130	ENCFF510KRD	ENCFF631NPO
middle_frontal_area_46_ID_131	ENCFF510KRD	ENCFF918FSP
middle_frontal_area_46_ID_132	ENCFF510KRD	ENCFF452ZUU
middle_frontal_area_46_ID_133	ENCFF510KRD	ENCFF484FUP
middle_frontal_area_46_ID_134	ENCFF510KRD	ENCFF672JEP
middle_frontal_area_46_ID_135	ENCFF510KRD	ENCFF377JWQ
middle_frontal_area_46_ID_136	ENCFF510KRD	ENCFF071LLG
middle_frontal_area_46_ID_137	ENCFF510KRD	ENCFF022JBB
middle_frontal_area_46_ID_138	ENCFF510KRD	ENCFF176VAR
middle_frontal_area_46_ID_139	ENCFF478VYV	ENCFF932FVV
middle_frontal_area_46_ID_140	ENCFF478VYV	ENCFF777JWI
middle_frontal_area_46_ID_141	ENCFF478VYV	ENCFF638KAU
middle_frontal_area_46_ID_142	ENCFF478VYV	ENCFF177EVZ
middle_frontal_area_46_ID_143	ENCFF478VYV	ENCFF535BVG
middle_frontal_area_46_ID_144	ENCFF478VYV	ENCFF864WAT
middle_frontal_area_46_ID_145	ENCFF478VYV	ENCFF890ZEQ
middle_frontal_area_46_ID_146	ENCFF478VYV	ENCFF529VDE
middle_frontal_area_46_ID_147	ENCFF478VYV	ENCFF633MNX
middle_frontal_area_46_ID_148	ENCFF478VYV	ENCFF678PNK
middle_frontal_area_46_ID_149	ENCFF478VYV	ENCFF835QGL
middle_frontal_area_46_ID_150	ENCFF478VYV	ENCFF682PIO
middle_frontal_area_46_ID_151	ENCFF478VYV	ENCFF227AWL
middle_frontal_area_46_ID_152	ENCFF478VYV	ENCFF592TSV
middle_frontal_area_46_ID_153	ENCFF478VYV	ENCFF114YIV
middle_frontal_area_46_ID_154	ENCFF478VYV	ENCFF575QTB
middle_frontal_area_46_ID_155	ENCFF478VYV	ENCFF244QQL
middle_frontal_area_46_ID_156	ENCFF478VYV	ENCFF761IWV
middle_frontal_area_46_ID_157	ENCFF478VYV	ENCFF105QXX
middle_frontal_area_46_ID_158	ENCFF478VYV	ENCFF072THO
middle_frontal_area_46_ID_159	ENCFF478VYV	ENCFF410HNA
middle_frontal_area_46_ID_160	ENCFF478VYV	ENCFF796DQP
middle_frontal_area_46_ID_161	ENCFF478VYV	ENCFF631NPO
middle_frontal_area_46_ID_162	ENCFF478VYV	ENCFF918FSP
middle_frontal_area_46_ID_163	ENCFF478VYV	ENCFF452ZUU
middle_frontal_area_46_ID_164	ENCFF478VYV	ENCFF484FUP
middle_frontal_area_46_ID_165	ENCFF478VYV	ENCFF672JEP
middle_frontal_area_46_ID_166	ENCFF478VYV	ENCFF377JWQ
middle_frontal_area_46_ID_167	ENCFF478VYV	ENCFF071LLG
middle_frontal_area_46_ID_168	ENCFF478VYV	ENCFF022JBB
middle_frontal_area_46_ID_169	ENCFF478VYV	ENCFF176VAR
middle_frontal_area_46_ID_170	ENCFF756PFB	ENCFF932FVV
middle_frontal_area_46_ID_171	ENCFF756PFB	ENCFF777JWI
middle_frontal_area_46_ID_172	ENCFF756PFB	ENCFF638KAU
middle_frontal_area_46_ID_173	ENCFF756PFB	ENCFF177EVZ
middle_frontal_area_46_ID_174	ENCFF756PFB	ENCFF535BVG
middle_frontal_area_46_ID_175	ENCFF756PFB	ENCFF864WAT
middle_frontal_area_46_ID_176	ENCFF756PFB	ENCFF890ZEQ
middle_frontal_area_46_ID_177	ENCFF756PFB	ENCFF529VDE
middle_frontal_area_46_ID_178	ENCFF756PFB	ENCFF633MNX
middle_frontal_area_46_ID_179	ENCFF756PFB	ENCFF678PNK
middle_frontal_area_46_ID_180	ENCFF756PFB	ENCFF835QGL
middle_frontal_area_46_ID_181	ENCFF756PFB	ENCFF682PIO
middle_frontal_area_46_ID_182	ENCFF756PFB	ENCFF227AWL
middle_frontal_area_46_ID_183	ENCFF756PFB	ENCFF592TSV
middle_frontal_area_46_ID_184	ENCFF756PFB	ENCFF114YIV
middle_frontal_area_46_ID_185	ENCFF756PFB	ENCFF575QTB
middle_frontal_area_46_ID_186	ENCFF756PFB	ENCFF244QQL
middle_frontal_area_46_ID_187	ENCFF756PFB	ENCFF761IWV
middle_frontal_area_46_ID_188	ENCFF756PFB	ENCFF105QXX
middle_frontal_area_46_ID_189	ENCFF756PFB	ENCFF072THO
middle_frontal_area_46_ID_190	ENCFF756PFB	ENCFF410HNA
middle_frontal_area_46_ID_191	ENCFF756PFB	ENCFF796DQP
middle_frontal_area_46_ID_192	ENCFF756PFB	ENCFF631NPO
middle_frontal_area_46_ID_193	ENCFF756PFB	ENCFF918FSP
middle_frontal_area_46_ID_194	ENCFF756PFB	ENCFF452ZUU
middle_frontal_area_46_ID_195	ENCFF756PFB	ENCFF484FUP
middle_frontal_area_46_ID_196	ENCFF756PFB	ENCFF672JEP
middle_frontal_area_46_ID_197	ENCFF756PFB	ENCFF377JWQ
middle_frontal_area_46_ID_198	ENCFF756PFB	ENCFF071LLG
middle_frontal_area_46_ID_199	ENCFF756PFB	ENCFF022JBB
middle_frontal_area_46_ID_200	ENCFF756PFB	ENCFF176VAR
middle_frontal_area_46_ID_201	ENCFF468XHC	ENCFF932FVV
middle_frontal_area_46_ID_202	ENCFF468XHC	ENCFF777JWI
middle_frontal_area_46_ID_203	ENCFF468XHC	ENCFF638KAU
middle_frontal_area_46_ID_204	ENCFF468XHC	ENCFF177EVZ
middle_frontal_area_46_ID_205	ENCFF468XHC	ENCFF535BVG
middle_frontal_area_46_ID_206	ENCFF468XHC	ENCFF864WAT
middle_frontal_area_46_ID_207	ENCFF468XHC	ENCFF890ZEQ
middle_frontal_area_46_ID_208	ENCFF468XHC	ENCFF529VDE
middle_frontal_area_46_ID_209	ENCFF468XHC	ENCFF633MNX
middle_frontal_area_46_ID_210	ENCFF468XHC	ENCFF678PNK
middle_frontal_area_46_ID_211	ENCFF468XHC	ENCFF835QGL
middle_frontal_area_46_ID_212	ENCFF468XHC	ENCFF682PIO
middle_frontal_area_46_ID_213	ENCFF468XHC	ENCFF227AWL
middle_frontal_area_46_ID_214	ENCFF468XHC	ENCFF592TSV
middle_frontal_area_46_ID_215	ENCFF468XHC	ENCFF114YIV
middle_frontal_area_46_ID_216	ENCFF468XHC	ENCFF575QTB
middle_frontal_area_46_ID_217	ENCFF468XHC	ENCFF244QQL
middle_frontal_area_46_ID_218	ENCFF468XHC	ENCFF761IWV
middle_frontal_area_46_ID_219	ENCFF468XHC	ENCFF105QXX
middle_frontal_area_46_ID_220	ENCFF468XHC	ENCFF072THO
middle_frontal_area_46_ID_221	ENCFF468XHC	ENCFF410HNA
middle_frontal_area_46_ID_222	ENCFF468XHC	ENCFF796DQP
middle_frontal_area_46_ID_223	ENCFF468XHC	ENCFF631NPO
middle_frontal_area_46_ID_224	ENCFF468XHC	ENCFF918FSP
middle_frontal_area_46_ID_225	ENCFF468XHC	ENCFF452ZUU
middle_frontal_area_46_ID_226	ENCFF468XHC	ENCFF484FUP
middle_frontal_area_46_ID_227	ENCFF468XHC	ENCFF672JEP
middle_frontal_area_46_ID_228	ENCFF468XHC	ENCFF377JWQ
middle_frontal_area_46_ID_229	ENCFF468XHC	ENCFF071LLG
middle_frontal_area_46_ID_230	ENCFF468XHC	ENCFF022JBB
middle_frontal_area_46_ID_231	ENCFF468XHC	ENCFF176VAR
middle_frontal_area_46_ID_232	ENCFF319ECG	ENCFF932FVV
middle_frontal_area_46_ID_233	ENCFF319ECG	ENCFF777JWI
middle_frontal_area_46_ID_234	ENCFF319ECG	ENCFF638KAU
middle_frontal_area_46_ID_235	ENCFF319ECG	ENCFF177EVZ
middle_frontal_area_46_ID_236	ENCFF319ECG	ENCFF535BVG
middle_frontal_area_46_ID_237	ENCFF319ECG	ENCFF864WAT
middle_frontal_area_46_ID_238	ENCFF319ECG	ENCFF890ZEQ
middle_frontal_area_46_ID_239	ENCFF319ECG	ENCFF529VDE
middle_frontal_area_46_ID_240	ENCFF319ECG	ENCFF633MNX
middle_frontal_area_46_ID_241	ENCFF319ECG	ENCFF678PNK
middle_frontal_area_46_ID_242	ENCFF319ECG	ENCFF835QGL
middle_frontal_area_46_ID_243	ENCFF319ECG	ENCFF682PIO
middle_frontal_area_46_ID_244	ENCFF319ECG	ENCFF227AWL
middle_frontal_area_46_ID_245	ENCFF319ECG	ENCFF592TSV
middle_frontal_area_46_ID_246	ENCFF319ECG	ENCFF114YIV
middle_frontal_area_46_ID_247	ENCFF319ECG	ENCFF575QTB
middle_frontal_area_46_ID_248	ENCFF319ECG	ENCFF244QQL
middle_frontal_area_46_ID_249	ENCFF319ECG	ENCFF761IWV
middle_frontal_area_46_ID_250	ENCFF319ECG	ENCFF105QXX
middle_frontal_area_46_ID_251	ENCFF319ECG	ENCFF072THO
middle_frontal_area_46_ID_252	ENCFF319ECG	ENCFF410HNA
middle_frontal_area_46_ID_253	ENCFF319ECG	ENCFF796DQP
middle_frontal_area_46_ID_254	ENCFF319ECG	ENCFF631NPO
middle_frontal_area_46_ID_255	ENCFF319ECG	ENCFF918FSP
middle_frontal_area_46_ID_256	ENCFF319ECG	ENCFF452ZUU
middle_frontal_area_46_ID_257	ENCFF319ECG	ENCFF484FUP
middle_frontal_area_46_ID_258	ENCFF319ECG	ENCFF672JEP
middle_frontal_area_46_ID_259	ENCFF319ECG	ENCFF377JWQ
middle_frontal_area_46_ID_260	ENCFF319ECG	ENCFF071LLG
middle_frontal_area_46_ID_261	ENCFF319ECG	ENCFF022JBB
middle_frontal_area_46_ID_262	ENCFF319ECG	ENCFF176VAR
middle_frontal_area_46_ID_263	ENCFF003TLE	ENCFF932FVV
middle_frontal_area_46_ID_264	ENCFF003TLE	ENCFF777JWI
middle_frontal_area_46_ID_265	ENCFF003TLE	ENCFF638KAU
middle_frontal_area_46_ID_266	ENCFF003TLE	ENCFF177EVZ
middle_frontal_area_46_ID_267	ENCFF003TLE	ENCFF535BVG
middle_frontal_area_46_ID_268	ENCFF003TLE	ENCFF864WAT
middle_frontal_area_46_ID_269	ENCFF003TLE	ENCFF890ZEQ
middle_frontal_area_46_ID_270	ENCFF003TLE	ENCFF529VDE
middle_frontal_area_46_ID_271	ENCFF003TLE	ENCFF633MNX
middle_frontal_area_46_ID_272	ENCFF003TLE	ENCFF678PNK
middle_frontal_area_46_ID_273	ENCFF003TLE	ENCFF835QGL
middle_frontal_area_46_ID_274	ENCFF003TLE	ENCFF682PIO
middle_frontal_area_46_ID_275	ENCFF003TLE	ENCFF227AWL
middle_frontal_area_46_ID_276	ENCFF003TLE	ENCFF592TSV
middle_frontal_area_46_ID_277	ENCFF003TLE	ENCFF114YIV
middle_frontal_area_46_ID_278	ENCFF003TLE	ENCFF575QTB
middle_frontal_area_46_ID_279	ENCFF003TLE	ENCFF244QQL
middle_frontal_area_46_ID_280	ENCFF003TLE	ENCFF761IWV
middle_frontal_area_46_ID_281	ENCFF003TLE	ENCFF105QXX
middle_frontal_area_46_ID_282	ENCFF003TLE	ENCFF072THO
middle_frontal_area_46_ID_283	ENCFF003TLE	ENCFF410HNA
middle_frontal_area_46_ID_284	ENCFF003TLE	ENCFF796DQP
middle_frontal_area_46_ID_285	ENCFF003TLE	ENCFF631NPO
middle_frontal_area_46_ID_286	ENCFF003TLE	ENCFF918FSP
middle_frontal_area_46_ID_287	ENCFF003TLE	ENCFF452ZUU
middle_frontal_area_46_ID_288	ENCFF003TLE	ENCFF484FUP
middle_frontal_area_46_ID_289	ENCFF003TLE	ENCFF672JEP
middle_frontal_area_46_ID_290	ENCFF003TLE	ENCFF377JWQ
middle_frontal_area_46_ID_291	ENCFF003TLE	ENCFF071LLG
middle_frontal_area_46_ID_292	ENCFF003TLE	ENCFF022JBB
middle_frontal_area_46_ID_293	ENCFF003TLE	ENCFF176VAR
middle_frontal_area_46_ID_294	ENCFF662GBW	ENCFF932FVV
middle_frontal_area_46_ID_295	ENCFF662GBW	ENCFF777JWI
middle_frontal_area_46_ID_296	ENCFF662GBW	ENCFF638KAU
middle_frontal_area_46_ID_297	ENCFF662GBW	ENCFF177EVZ
middle_frontal_area_46_ID_298	ENCFF662GBW	ENCFF535BVG
middle_frontal_area_46_ID_299	ENCFF662GBW	ENCFF864WAT
middle_frontal_area_46_ID_300	ENCFF662GBW	ENCFF890ZEQ
middle_frontal_area_46_ID_301	ENCFF662GBW	ENCFF529VDE
middle_frontal_area_46_ID_302	ENCFF662GBW	ENCFF633MNX
middle_frontal_area_46_ID_303	ENCFF662GBW	ENCFF678PNK
middle_frontal_area_46_ID_304	ENCFF662GBW	ENCFF835QGL
middle_frontal_area_46_ID_305	ENCFF662GBW	ENCFF682PIO
middle_frontal_area_46_ID_306	ENCFF662GBW	ENCFF227AWL
middle_frontal_area_46_ID_307	ENCFF662GBW	ENCFF592TSV
middle_frontal_area_46_ID_308	ENCFF662GBW	ENCFF114YIV
middle_frontal_area_46_ID_309	ENCFF662GBW	ENCFF575QTB
middle_frontal_area_46_ID_310	ENCFF662GBW	ENCFF244QQL
middle_frontal_area_46_ID_311	ENCFF662GBW	ENCFF761IWV
middle_frontal_area_46_ID_312	ENCFF662GBW	ENCFF105QXX
middle_frontal_area_46_ID_313	ENCFF662GBW	ENCFF072THO
middle_frontal_area_46_ID_314	ENCFF662GBW	ENCFF410HNA
middle_frontal_area_46_ID_315	ENCFF662GBW	ENCFF796DQP
middle_frontal_area_46_ID_316	ENCFF662GBW	ENCFF631NPO
middle_frontal_area_46_ID_317	ENCFF662GBW	ENCFF918FSP
middle_frontal_area_46_ID_318	ENCFF662GBW	ENCFF452ZUU
middle_frontal_area_46_ID_319	ENCFF662GBW	ENCFF484FUP
middle_frontal_area_46_ID_320	ENCFF662GBW	ENCFF672JEP
middle_frontal_area_46_ID_321	ENCFF662GBW	ENCFF377JWQ
middle_frontal_area_46_ID_322	ENCFF662GBW	ENCFF071LLG
middle_frontal_area_46_ID_323	ENCFF662GBW	ENCFF022JBB
middle_frontal_area_46_ID_324	ENCFF662GBW	ENCFF176VAR
middle_frontal_area_46_ID_325	ENCFF994UXO	ENCFF932FVV
middle_frontal_area_46_ID_326	ENCFF994UXO	ENCFF777JWI
middle_frontal_area_46_ID_327	ENCFF994UXO	ENCFF638KAU
middle_frontal_area_46_ID_328	ENCFF994UXO	ENCFF177EVZ
middle_frontal_area_46_ID_329	ENCFF994UXO	ENCFF535BVG
middle_frontal_area_46_ID_330	ENCFF994UXO	ENCFF864WAT
middle_frontal_area_46_ID_331	ENCFF994UXO	ENCFF890ZEQ
middle_frontal_area_46_ID_332	ENCFF994UXO	ENCFF529VDE
middle_frontal_area_46_ID_333	ENCFF994UXO	ENCFF633MNX
middle_frontal_area_46_ID_334	ENCFF994UXO	ENCFF678PNK
middle_frontal_area_46_ID_335	ENCFF994UXO	ENCFF835QGL
middle_frontal_area_46_ID_336	ENCFF994UXO	ENCFF682PIO
middle_frontal_area_46_ID_337	ENCFF994UXO	ENCFF227AWL
middle_frontal_area_46_ID_338	ENCFF994UXO	ENCFF592TSV
middle_frontal_area_46_ID_339	ENCFF994UXO	ENCFF114YIV
middle_frontal_area_46_ID_340	ENCFF994UXO	ENCFF575QTB
middle_frontal_area_46_ID_341	ENCFF994UXO	ENCFF244QQL
middle_frontal_area_46_ID_342	ENCFF994UXO	ENCFF761IWV
middle_frontal_area_46_ID_343	ENCFF994UXO	ENCFF105QXX
middle_frontal_area_46_ID_344	ENCFF994UXO	ENCFF072THO
middle_frontal_area_46_ID_345	ENCFF994UXO	ENCFF410HNA
middle_frontal_area_46_ID_346	ENCFF994UXO	ENCFF796DQP
middle_frontal_area_46_ID_347	ENCFF994UXO	ENCFF631NPO
middle_frontal_area_46_ID_348	ENCFF994UXO	ENCFF918FSP
middle_frontal_area_46_ID_349	ENCFF994UXO	ENCFF452ZUU
middle_frontal_area_46_ID_350	ENCFF994UXO	ENCFF484FUP
middle_frontal_area_46_ID_351	ENCFF994UXO	ENCFF672JEP
middle_frontal_area_46_ID_352	ENCFF994UXO	ENCFF377JWQ
middle_frontal_area_46_ID_353	ENCFF994UXO	ENCFF071LLG
middle_frontal_area_46_ID_354	ENCFF994UXO	ENCFF022JBB
middle_frontal_area_46_ID_355	ENCFF994UXO	ENCFF176VAR
middle_frontal_area_46_ID_356	ENCFF765QFD	ENCFF932FVV
middle_frontal_area_46_ID_357	ENCFF765QFD	ENCFF777JWI
middle_frontal_area_46_ID_358	ENCFF765QFD	ENCFF638KAU
middle_frontal_area_46_ID_359	ENCFF765QFD	ENCFF177EVZ
middle_frontal_area_46_ID_360	ENCFF765QFD	ENCFF535BVG
middle_frontal_area_46_ID_361	ENCFF765QFD	ENCFF864WAT
middle_frontal_area_46_ID_362	ENCFF765QFD	ENCFF890ZEQ
middle_frontal_area_46_ID_363	ENCFF765QFD	ENCFF529VDE
middle_frontal_area_46_ID_364	ENCFF765QFD	ENCFF633MNX
middle_frontal_area_46_ID_365	ENCFF765QFD	ENCFF678PNK
middle_frontal_area_46_ID_366	ENCFF765QFD	ENCFF835QGL
middle_frontal_area_46_ID_367	ENCFF765QFD	ENCFF682PIO
middle_frontal_area_46_ID_368	ENCFF765QFD	ENCFF227AWL
middle_frontal_area_46_ID_369	ENCFF765QFD	ENCFF592TSV
middle_frontal_area_46_ID_370	ENCFF765QFD	ENCFF114YIV
middle_frontal_area_46_ID_371	ENCFF765QFD	ENCFF575QTB
middle_frontal_area_46_ID_372	ENCFF765QFD	ENCFF244QQL
middle_frontal_area_46_ID_373	ENCFF765QFD	ENCFF761IWV
middle_frontal_area_46_ID_374	ENCFF765QFD	ENCFF105QXX
middle_frontal_area_46_ID_375	ENCFF765QFD	ENCFF072THO
middle_frontal_area_46_ID_376	ENCFF765QFD	ENCFF410HNA
middle_frontal_area_46_ID_377	ENCFF765QFD	ENCFF796DQP
middle_frontal_area_46_ID_378	ENCFF765QFD	ENCFF631NPO
middle_frontal_area_46_ID_379	ENCFF765QFD	ENCFF918FSP
middle_frontal_area_46_ID_380	ENCFF765QFD	ENCFF452ZUU
middle_frontal_area_46_ID_381	ENCFF765QFD	ENCFF484FUP
middle_frontal_area_46_ID_382	ENCFF765QFD	ENCFF672JEP
middle_frontal_area_46_ID_383	ENCFF765QFD	ENCFF377JWQ
middle_frontal_area_46_ID_384	ENCFF765QFD	ENCFF071LLG
middle_frontal_area_46_ID_385	ENCFF765QFD	ENCFF022JBB
middle_frontal_area_46_ID_386	ENCFF765QFD	ENCFF176VAR
middle_frontal_area_46_ID_387	ENCFF225OIF	ENCFF932FVV
middle_frontal_area_46_ID_388	ENCFF225OIF	ENCFF777JWI
middle_frontal_area_46_ID_389	ENCFF225OIF	ENCFF638KAU
middle_frontal_area_46_ID_390	ENCFF225OIF	ENCFF177EVZ
middle_frontal_area_46_ID_391	ENCFF225OIF	ENCFF535BVG
middle_frontal_area_46_ID_392	ENCFF225OIF	ENCFF864WAT
middle_frontal_area_46_ID_393	ENCFF225OIF	ENCFF890ZEQ
middle_frontal_area_46_ID_394	ENCFF225OIF	ENCFF529VDE
middle_frontal_area_46_ID_395	ENCFF225OIF	ENCFF633MNX
middle_frontal_area_46_ID_396	ENCFF225OIF	ENCFF678PNK
middle_frontal_area_46_ID_397	ENCFF225OIF	ENCFF835QGL
middle_frontal_area_46_ID_398	ENCFF225OIF	ENCFF682PIO
middle_frontal_area_46_ID_399	ENCFF225OIF	ENCFF227AWL
middle_frontal_area_46_ID_400	ENCFF225OIF	ENCFF592TSV
middle_frontal_area_46_ID_401	ENCFF225OIF	ENCFF114YIV
middle_frontal_area_46_ID_402	ENCFF225OIF	ENCFF575QTB
middle_frontal_area_46_ID_403	ENCFF225OIF	ENCFF244QQL
middle_frontal_area_46_ID_404	ENCFF225OIF	ENCFF761IWV
middle_frontal_area_46_ID_405	ENCFF225OIF	ENCFF105QXX
middle_frontal_area_46_ID_406	ENCFF225OIF	ENCFF072THO
middle_frontal_area_46_ID_407	ENCFF225OIF	ENCFF410HNA
middle_frontal_area_46_ID_408	ENCFF225OIF	ENCFF796DQP
middle_frontal_area_46_ID_409	ENCFF225OIF	ENCFF631NPO
middle_frontal_area_46_ID_410	ENCFF225OIF	ENCFF918FSP
middle_frontal_area_46_ID_411	ENCFF225OIF	ENCFF452ZUU
middle_frontal_area_46_ID_412	ENCFF225OIF	ENCFF484FUP
middle_frontal_area_46_ID_413	ENCFF225OIF	ENCFF672JEP
middle_frontal_area_46_ID_414	ENCFF225OIF	ENCFF377JWQ
middle_frontal_area_46_ID_415	ENCFF225OIF	ENCFF071LLG
middle_frontal_area_46_ID_416	ENCFF225OIF	ENCFF022JBB
middle_frontal_area_46_ID_417	ENCFF225OIF	ENCFF176VAR
middle_frontal_area_46_ID_418	ENCFF555CCE	ENCFF932FVV
middle_frontal_area_46_ID_419	ENCFF555CCE	ENCFF777JWI
middle_frontal_area_46_ID_420	ENCFF555CCE	ENCFF638KAU
middle_frontal_area_46_ID_421	ENCFF555CCE	ENCFF177EVZ
middle_frontal_area_46_ID_422	ENCFF555CCE	ENCFF535BVG
middle_frontal_area_46_ID_423	ENCFF555CCE	ENCFF864WAT
middle_frontal_area_46_ID_424	ENCFF555CCE	ENCFF890ZEQ
middle_frontal_area_46_ID_425	ENCFF555CCE	ENCFF529VDE
middle_frontal_area_46_ID_426	ENCFF555CCE	ENCFF633MNX
middle_frontal_area_46_ID_427	ENCFF555CCE	ENCFF678PNK
middle_frontal_area_46_ID_428	ENCFF555CCE	ENCFF835QGL
middle_frontal_area_46_ID_429	ENCFF555CCE	ENCFF682PIO
middle_frontal_area_46_ID_430	ENCFF555CCE	ENCFF227AWL
middle_frontal_area_46_ID_431	ENCFF555CCE	ENCFF592TSV
middle_frontal_area_46_ID_432	ENCFF555CCE	ENCFF114YIV
middle_frontal_area_46_ID_433	ENCFF555CCE	ENCFF575QTB
middle_frontal_area_46_ID_434	ENCFF555CCE	ENCFF244QQL
middle_frontal_area_46_ID_435	ENCFF555CCE	ENCFF761IWV
middle_frontal_area_46_ID_436	ENCFF555CCE	ENCFF105QXX
middle_frontal_area_46_ID_437	ENCFF555CCE	ENCFF072THO
middle_frontal_area_46_ID_438	ENCFF555CCE	ENCFF410HNA
middle_frontal_area_46_ID_439	ENCFF555CCE	ENCFF796DQP
middle_frontal_area_46_ID_440	ENCFF555CCE	ENCFF631NPO
middle_frontal_area_46_ID_441	ENCFF555CCE	ENCFF918FSP
middle_frontal_area_46_ID_442	ENCFF555CCE	ENCFF452ZUU
middle_frontal_area_46_ID_443	ENCFF555CCE	ENCFF484FUP
middle_frontal_area_46_ID_444	ENCFF555CCE	ENCFF672JEP
middle_frontal_area_46_ID_445	ENCFF555CCE	ENCFF377JWQ
middle_frontal_area_46_ID_446	ENCFF555CCE	ENCFF071LLG
middle_frontal_area_46_ID_447	ENCFF555CCE	ENCFF022JBB
middle_frontal_area_46_ID_448	ENCFF555CCE	ENCFF176VAR
middle_frontal_area_46_ID_449	ENCFF336SAW	ENCFF932FVV
middle_frontal_area_46_ID_450	ENCFF336SAW	ENCFF777JWI
middle_frontal_area_46_ID_451	ENCFF336SAW	ENCFF638KAU
middle_frontal_area_46_ID_452	ENCFF336SAW	ENCFF177EVZ
middle_frontal_area_46_ID_453	ENCFF336SAW	ENCFF535BVG
middle_frontal_area_46_ID_454	ENCFF336SAW	ENCFF864WAT
middle_frontal_area_46_ID_455	ENCFF336SAW	ENCFF890ZEQ
middle_frontal_area_46_ID_456	ENCFF336SAW	ENCFF529VDE
middle_frontal_area_46_ID_457	ENCFF336SAW	ENCFF633MNX
middle_frontal_area_46_ID_458	ENCFF336SAW	ENCFF678PNK
middle_frontal_area_46_ID_459	ENCFF336SAW	ENCFF835QGL
middle_frontal_area_46_ID_460	ENCFF336SAW	ENCFF682PIO
middle_frontal_area_46_ID_461	ENCFF336SAW	ENCFF227AWL
middle_frontal_area_46_ID_462	ENCFF336SAW	ENCFF592TSV
middle_frontal_area_46_ID_463	ENCFF336SAW	ENCFF114YIV
middle_frontal_area_46_ID_464	ENCFF336SAW	ENCFF575QTB
middle_frontal_area_46_ID_465	ENCFF336SAW	ENCFF244QQL
middle_frontal_area_46_ID_466	ENCFF336SAW	ENCFF761IWV
middle_frontal_area_46_ID_467	ENCFF336SAW	ENCFF105QXX
middle_frontal_area_46_ID_468	ENCFF336SAW	ENCFF072THO
middle_frontal_area_46_ID_469	ENCFF336SAW	ENCFF410HNA
middle_frontal_area_46_ID_470	ENCFF336SAW	ENCFF796DQP
middle_frontal_area_46_ID_471	ENCFF336SAW	ENCFF631NPO
middle_frontal_area_46_ID_472	ENCFF336SAW	ENCFF918FSP
middle_frontal_area_46_ID_473	ENCFF336SAW	ENCFF452ZUU
middle_frontal_area_46_ID_474	ENCFF336SAW	ENCFF484FUP
middle_frontal_area_46_ID_475	ENCFF336SAW	ENCFF672JEP
middle_frontal_area_46_ID_476	ENCFF336SAW	ENCFF377JWQ
middle_frontal_area_46_ID_477	ENCFF336SAW	ENCFF071LLG
middle_frontal_area_46_ID_478	ENCFF336SAW	ENCFF022JBB
middle_frontal_area_46_ID_479	ENCFF336SAW	ENCFF176VAR
middle_frontal_area_46_ID_480	ENCFF536LBU	ENCFF932FVV
middle_frontal_area_46_ID_481	ENCFF536LBU	ENCFF777JWI
middle_frontal_area_46_ID_482	ENCFF536LBU	ENCFF638KAU
middle_frontal_area_46_ID_483	ENCFF536LBU	ENCFF177EVZ
middle_frontal_area_46_ID_484	ENCFF536LBU	ENCFF535BVG
middle_frontal_area_46_ID_485	ENCFF536LBU	ENCFF864WAT
middle_frontal_area_46_ID_486	ENCFF536LBU	ENCFF890ZEQ
middle_frontal_area_46_ID_487	ENCFF536LBU	ENCFF529VDE
middle_frontal_area_46_ID_488	ENCFF536LBU	ENCFF633MNX
middle_frontal_area_46_ID_489	ENCFF536LBU	ENCFF678PNK
middle_frontal_area_46_ID_490	ENCFF536LBU	ENCFF835QGL
middle_frontal_area_46_ID_491	ENCFF536LBU	ENCFF682PIO
middle_frontal_area_46_ID_492	ENCFF536LBU	ENCFF227AWL
middle_frontal_area_46_ID_493	ENCFF536LBU	ENCFF592TSV
middle_frontal_area_46_ID_494	ENCFF536LBU	ENCFF114YIV
middle_frontal_area_46_ID_495	ENCFF536LBU	ENCFF575QTB
middle_frontal_area_46_ID_496	ENCFF536LBU	ENCFF244QQL
middle_frontal_area_46_ID_497	ENCFF536LBU	ENCFF761IWV
middle_frontal_area_46_ID_498	ENCFF536LBU	ENCFF105QXX
middle_frontal_area_46_ID_499	ENCFF536LBU	ENCFF072THO
middle_frontal_area_46_ID_500	ENCFF536LBU	ENCFF410HNA
middle_frontal_area_46_ID_501	ENCFF536LBU	ENCFF796DQP
middle_frontal_area_46_ID_502	ENCFF536LBU	ENCFF631NPO
middle_frontal_area_46_ID_503	ENCFF536LBU	ENCFF918FSP
middle_frontal_area_46_ID_504	ENCFF536LBU	ENCFF452ZUU
middle_frontal_area_46_ID_505	ENCFF536LBU	ENCFF484FUP
middle_frontal_area_46_ID_506	ENCFF536LBU	ENCFF672JEP
middle_frontal_area_46_ID_507	ENCFF536LBU	ENCFF377JWQ
middle_frontal_area_46_ID_508	ENCFF536LBU	ENCFF071LLG
middle_frontal_area_46_ID_509	ENCFF536LBU	ENCFF022JBB
middle_frontal_area_46_ID_510	ENCFF536LBU	ENCFF176VAR
middle_frontal_area_46_ID_511	ENCFF216XFL	ENCFF932FVV
middle_frontal_area_46_ID_512	ENCFF216XFL	ENCFF777JWI
middle_frontal_area_46_ID_513	ENCFF216XFL	ENCFF638KAU
middle_frontal_area_46_ID_514	ENCFF216XFL	ENCFF177EVZ
middle_frontal_area_46_ID_515	ENCFF216XFL	ENCFF535BVG
middle_frontal_area_46_ID_516	ENCFF216XFL	ENCFF864WAT
middle_frontal_area_46_ID_517	ENCFF216XFL	ENCFF890ZEQ
middle_frontal_area_46_ID_518	ENCFF216XFL	ENCFF529VDE
middle_frontal_area_46_ID_519	ENCFF216XFL	ENCFF633MNX
middle_frontal_area_46_ID_520	ENCFF216XFL	ENCFF678PNK
middle_frontal_area_46_ID_521	ENCFF216XFL	ENCFF835QGL
middle_frontal_area_46_ID_522	ENCFF216XFL	ENCFF682PIO
middle_frontal_area_46_ID_523	ENCFF216XFL	ENCFF227AWL
middle_frontal_area_46_ID_524	ENCFF216XFL	ENCFF592TSV
middle_frontal_area_46_ID_525	ENCFF216XFL	ENCFF114YIV
middle_frontal_area_46_ID_526	ENCFF216XFL	ENCFF575QTB
middle_frontal_area_46_ID_527	ENCFF216XFL	ENCFF244QQL
middle_frontal_area_46_ID_528	ENCFF216XFL	ENCFF761IWV
middle_frontal_area_46_ID_529	ENCFF216XFL	ENCFF105QXX
middle_frontal_area_46_ID_530	ENCFF216XFL	ENCFF072THO
middle_frontal_area_46_ID_531	ENCFF216XFL	ENCFF410HNA
middle_frontal_area_46_ID_532	ENCFF216XFL	ENCFF796DQP
middle_frontal_area_46_ID_533	ENCFF216XFL	ENCFF631NPO
middle_frontal_area_46_ID_534	ENCFF216XFL	ENCFF918FSP
middle_frontal_area_46_ID_535	ENCFF216XFL	ENCFF452ZUU
middle_frontal_area_46_ID_536	ENCFF216XFL	ENCFF484FUP
middle_frontal_area_46_ID_537	ENCFF216XFL	ENCFF672JEP
middle_frontal_area_46_ID_538	ENCFF216XFL	ENCFF377JWQ
middle_frontal_area_46_ID_539	ENCFF216XFL	ENCFF071LLG
middle_frontal_area_46_ID_540	ENCFF216XFL	ENCFF022JBB
middle_frontal_area_46_ID_541	ENCFF216XFL	ENCFF176VAR
middle_frontal_area_46_ID_542	ENCFF684IJP	ENCFF932FVV
middle_frontal_area_46_ID_543	ENCFF684IJP	ENCFF777JWI
middle_frontal_area_46_ID_544	ENCFF684IJP	ENCFF638KAU
middle_frontal_area_46_ID_545	ENCFF684IJP	ENCFF177EVZ
middle_frontal_area_46_ID_546	ENCFF684IJP	ENCFF535BVG
middle_frontal_area_46_ID_547	ENCFF684IJP	ENCFF864WAT
middle_frontal_area_46_ID_548	ENCFF684IJP	ENCFF890ZEQ
middle_frontal_area_46_ID_549	ENCFF684IJP	ENCFF529VDE
middle_frontal_area_46_ID_550	ENCFF684IJP	ENCFF633MNX
middle_frontal_area_46_ID_551	ENCFF684IJP	ENCFF678PNK
middle_frontal_area_46_ID_552	ENCFF684IJP	ENCFF835QGL
middle_frontal_area_46_ID_553	ENCFF684IJP	ENCFF682PIO
middle_frontal_area_46_ID_554	ENCFF684IJP	ENCFF227AWL
middle_frontal_area_46_ID_555	ENCFF684IJP	ENCFF592TSV
middle_frontal_area_46_ID_556	ENCFF684IJP	ENCFF114YIV
middle_frontal_area_46_ID_557	ENCFF684IJP	ENCFF575QTB
middle_frontal_area_46_ID_558	ENCFF684IJP	ENCFF244QQL
middle_frontal_area_46_ID_559	ENCFF684IJP	ENCFF761IWV
middle_frontal_area_46_ID_560	ENCFF684IJP	ENCFF105QXX
middle_frontal_area_46_ID_561	ENCFF684IJP	ENCFF072THO
middle_frontal_area_46_ID_562	ENCFF684IJP	ENCFF410HNA
middle_frontal_area_46_ID_563	ENCFF684IJP	ENCFF796DQP
middle_frontal_area_46_ID_564	ENCFF684IJP	ENCFF631NPO
middle_frontal_area_46_ID_565	ENCFF684IJP	ENCFF918FSP
middle_frontal_area_46_ID_566	ENCFF684IJP	ENCFF452ZUU
middle_frontal_area_46_ID_567	ENCFF684IJP	ENCFF484FUP
middle_frontal_area_46_ID_568	ENCFF684IJP	ENCFF672JEP
middle_frontal_area_46_ID_569	ENCFF684IJP	ENCFF377JWQ
middle_frontal_area_46_ID_570	ENCFF684IJP	ENCFF071LLG
middle_frontal_area_46_ID_571	ENCFF684IJP	ENCFF022JBB
middle_frontal_area_46_ID_572	ENCFF684IJP	ENCFF176VAR
middle_frontal_area_46_ID_573	ENCFF841EMR	ENCFF932FVV
middle_frontal_area_46_ID_574	ENCFF841EMR	ENCFF777JWI
middle_frontal_area_46_ID_575	ENCFF841EMR	ENCFF638KAU
middle_frontal_area_46_ID_576	ENCFF841EMR	ENCFF177EVZ
middle_frontal_area_46_ID_577	ENCFF841EMR	ENCFF535BVG
middle_frontal_area_46_ID_578	ENCFF841EMR	ENCFF864WAT
middle_frontal_area_46_ID_579	ENCFF841EMR	ENCFF890ZEQ
middle_frontal_area_46_ID_580	ENCFF841EMR	ENCFF529VDE
middle_frontal_area_46_ID_581	ENCFF841EMR	ENCFF633MNX
middle_frontal_area_46_ID_582	ENCFF841EMR	ENCFF678PNK
middle_frontal_area_46_ID_583	ENCFF841EMR	ENCFF835QGL
middle_frontal_area_46_ID_584	ENCFF841EMR	ENCFF682PIO
middle_frontal_area_46_ID_585	ENCFF841EMR	ENCFF227AWL
middle_frontal_area_46_ID_586	ENCFF841EMR	ENCFF592TSV
middle_frontal_area_46_ID_587	ENCFF841EMR	ENCFF114YIV
middle_frontal_area_46_ID_588	ENCFF841EMR	ENCFF575QTB
middle_frontal_area_46_ID_589	ENCFF841EMR	ENCFF244QQL
middle_frontal_area_46_ID_590	ENCFF841EMR	ENCFF761IWV
middle_frontal_area_46_ID_591	ENCFF841EMR	ENCFF105QXX
middle_frontal_area_46_ID_592	ENCFF841EMR	ENCFF072THO
middle_frontal_area_46_ID_593	ENCFF841EMR	ENCFF410HNA
middle_frontal_area_46_ID_594	ENCFF841EMR	ENCFF796DQP
middle_frontal_area_46_ID_595	ENCFF841EMR	ENCFF631NPO
middle_frontal_area_46_ID_596	ENCFF841EMR	ENCFF918FSP
middle_frontal_area_46_ID_597	ENCFF841EMR	ENCFF452ZUU
middle_frontal_area_46_ID_598	ENCFF841EMR	ENCFF484FUP
middle_frontal_area_46_ID_599	ENCFF841EMR	ENCFF672JEP
middle_frontal_area_46_ID_600	ENCFF841EMR	ENCFF377JWQ
middle_frontal_area_46_ID_601	ENCFF841EMR	ENCFF071LLG
middle_frontal_area_46_ID_602	ENCFF841EMR	ENCFF022JBB
middle_frontal_area_46_ID_603	ENCFF841EMR	ENCFF176VAR
middle_frontal_area_46_ID_604	ENCFF498RMX	ENCFF932FVV
middle_frontal_area_46_ID_605	ENCFF498RMX	ENCFF777JWI
middle_frontal_area_46_ID_606	ENCFF498RMX	ENCFF638KAU
middle_frontal_area_46_ID_607	ENCFF498RMX	ENCFF177EVZ
middle_frontal_area_46_ID_608	ENCFF498RMX	ENCFF535BVG
middle_frontal_area_46_ID_609	ENCFF498RMX	ENCFF864WAT
middle_frontal_area_46_ID_610	ENCFF498RMX	ENCFF890ZEQ
middle_frontal_area_46_ID_611	ENCFF498RMX	ENCFF529VDE
middle_frontal_area_46_ID_612	ENCFF498RMX	ENCFF633MNX
middle_frontal_area_46_ID_613	ENCFF498RMX	ENCFF678PNK
middle_frontal_area_46_ID_614	ENCFF498RMX	ENCFF835QGL
middle_frontal_area_46_ID_615	ENCFF498RMX	ENCFF682PIO
middle_frontal_area_46_ID_616	ENCFF498RMX	ENCFF227AWL
middle_frontal_area_46_ID_617	ENCFF498RMX	ENCFF592TSV
middle_frontal_area_46_ID_618	ENCFF498RMX	ENCFF114YIV
middle_frontal_area_46_ID_619	ENCFF498RMX	ENCFF575QTB
middle_frontal_area_46_ID_620	ENCFF498RMX	ENCFF244QQL
middle_frontal_area_46_ID_621	ENCFF498RMX	ENCFF761IWV
middle_frontal_area_46_ID_622	ENCFF498RMX	ENCFF105QXX
middle_frontal_area_46_ID_623	ENCFF498RMX	ENCFF072THO
middle_frontal_area_46_ID_624	ENCFF498RMX	ENCFF410HNA
middle_frontal_area_46_ID_625	ENCFF498RMX	ENCFF796DQP
middle_frontal_area_46_ID_626	ENCFF498RMX	ENCFF631NPO
middle_frontal_area_46_ID_627	ENCFF498RMX	ENCFF918FSP
middle_frontal_area_46_ID_628	ENCFF498RMX	ENCFF452ZUU
middle_frontal_area_46_ID_629	ENCFF498RMX	ENCFF484FUP
middle_frontal_area_46_ID_630	ENCFF498RMX	ENCFF672JEP
middle_frontal_area_46_ID_631	ENCFF498RMX	ENCFF377JWQ
middle_frontal_area_46_ID_632	ENCFF498RMX	ENCFF071LLG
middle_frontal_area_46_ID_633	ENCFF498RMX	ENCFF022JBB
middle_frontal_area_46_ID_634	ENCFF498RMX	ENCFF176VAR
middle_frontal_area_46_ID_635	ENCFF532MBH	ENCFF932FVV
middle_frontal_area_46_ID_636	ENCFF532MBH	ENCFF777JWI
middle_frontal_area_46_ID_637	ENCFF532MBH	ENCFF638KAU
middle_frontal_area_46_ID_638	ENCFF532MBH	ENCFF177EVZ
middle_frontal_area_46_ID_639	ENCFF532MBH	ENCFF535BVG
middle_frontal_area_46_ID_640	ENCFF532MBH	ENCFF864WAT
middle_frontal_area_46_ID_641	ENCFF532MBH	ENCFF890ZEQ
middle_frontal_area_46_ID_642	ENCFF532MBH	ENCFF529VDE
middle_frontal_area_46_ID_643	ENCFF532MBH	ENCFF633MNX
middle_frontal_area_46_ID_644	ENCFF532MBH	ENCFF678PNK
middle_frontal_area_46_ID_645	ENCFF532MBH	ENCFF835QGL
middle_frontal_area_46_ID_646	ENCFF532MBH	ENCFF682PIO
middle_frontal_area_46_ID_647	ENCFF532MBH	ENCFF227AWL
middle_frontal_area_46_ID_648	ENCFF532MBH	ENCFF592TSV
middle_frontal_area_46_ID_649	ENCFF532MBH	ENCFF114YIV
middle_frontal_area_46_ID_650	ENCFF532MBH	ENCFF575QTB
middle_frontal_area_46_ID_651	ENCFF532MBH	ENCFF244QQL
middle_frontal_area_46_ID_652	ENCFF532MBH	ENCFF761IWV
middle_frontal_area_46_ID_653	ENCFF532MBH	ENCFF105QXX
middle_frontal_area_46_ID_654	ENCFF532MBH	ENCFF072THO
middle_frontal_area_46_ID_655	ENCFF532MBH	ENCFF410HNA
middle_frontal_area_46_ID_656	ENCFF532MBH	ENCFF796DQP
middle_frontal_area_46_ID_657	ENCFF532MBH	ENCFF631NPO
middle_frontal_area_46_ID_658	ENCFF532MBH	ENCFF918FSP
middle_frontal_area_46_ID_659	ENCFF532MBH	ENCFF452ZUU
middle_frontal_area_46_ID_660	ENCFF532MBH	ENCFF484FUP
middle_frontal_area_46_ID_661	ENCFF532MBH	ENCFF672JEP
middle_frontal_area_46_ID_662	ENCFF532MBH	ENCFF377JWQ
middle_frontal_area_46_ID_663	ENCFF532MBH	ENCFF071LLG
middle_frontal_area_46_ID_664	ENCFF532MBH	ENCFF022JBB
middle_frontal_area_46_ID_665	ENCFF532MBH	ENCFF176VAR
middle_frontal_area_46_ID_666	ENCFF042TOL	ENCFF932FVV
middle_frontal_area_46_ID_667	ENCFF042TOL	ENCFF777JWI
middle_frontal_area_46_ID_668	ENCFF042TOL	ENCFF638KAU
middle_frontal_area_46_ID_669	ENCFF042TOL	ENCFF177EVZ
middle_frontal_area_46_ID_670	ENCFF042TOL	ENCFF535BVG
middle_frontal_area_46_ID_671	ENCFF042TOL	ENCFF864WAT
middle_frontal_area_46_ID_672	ENCFF042TOL	ENCFF890ZEQ
middle_frontal_area_46_ID_673	ENCFF042TOL	ENCFF529VDE
middle_frontal_area_46_ID_674	ENCFF042TOL	ENCFF633MNX
middle_frontal_area_46_ID_675	ENCFF042TOL	ENCFF678PNK
middle_frontal_area_46_ID_676	ENCFF042TOL	ENCFF835QGL
middle_frontal_area_46_ID_677	ENCFF042TOL	ENCFF682PIO
middle_frontal_area_46_ID_678	ENCFF042TOL	ENCFF227AWL
middle_frontal_area_46_ID_679	ENCFF042TOL	ENCFF592TSV
middle_frontal_area_46_ID_680	ENCFF042TOL	ENCFF114YIV
middle_frontal_area_46_ID_681	ENCFF042TOL	ENCFF575QTB
middle_frontal_area_46_ID_682	ENCFF042TOL	ENCFF244QQL
middle_frontal_area_46_ID_683	ENCFF042TOL	ENCFF761IWV
middle_frontal_area_46_ID_684	ENCFF042TOL	ENCFF105QXX
middle_frontal_area_46_ID_685	ENCFF042TOL	ENCFF072THO
middle_frontal_area_46_ID_686	ENCFF042TOL	ENCFF410HNA
middle_frontal_area_46_ID_687	ENCFF042TOL	ENCFF796DQP
middle_frontal_area_46_ID_688	ENCFF042TOL	ENCFF631NPO
middle_frontal_area_46_ID_689	ENCFF042TOL	ENCFF918FSP
middle_frontal_area_46_ID_690	ENCFF042TOL	ENCFF452ZUU
middle_frontal_area_46_ID_691	ENCFF042TOL	ENCFF484FUP
middle_frontal_area_46_ID_692	ENCFF042TOL	ENCFF672JEP
middle_frontal_area_46_ID_693	ENCFF042TOL	ENCFF377JWQ
middle_frontal_area_46_ID_694	ENCFF042TOL	ENCFF071LLG
middle_frontal_area_46_ID_695	ENCFF042TOL	ENCFF022JBB
middle_frontal_area_46_ID_696	ENCFF042TOL	ENCFF176VAR
middle_frontal_area_46_ID_697	ENCFF236IUX	ENCFF932FVV
middle_frontal_area_46_ID_698	ENCFF236IUX	ENCFF777JWI
middle_frontal_area_46_ID_699	ENCFF236IUX	ENCFF638KAU
middle_frontal_area_46_ID_700	ENCFF236IUX	ENCFF177EVZ
middle_frontal_area_46_ID_701	ENCFF236IUX	ENCFF535BVG
middle_frontal_area_46_ID_702	ENCFF236IUX	ENCFF864WAT
middle_frontal_area_46_ID_703	ENCFF236IUX	ENCFF890ZEQ
middle_frontal_area_46_ID_704	ENCFF236IUX	ENCFF529VDE
middle_frontal_area_46_ID_705	ENCFF236IUX	ENCFF633MNX
middle_frontal_area_46_ID_706	ENCFF236IUX	ENCFF678PNK
middle_frontal_area_46_ID_707	ENCFF236IUX	ENCFF835QGL
middle_frontal_area_46_ID_708	ENCFF236IUX	ENCFF682PIO
middle_frontal_area_46_ID_709	ENCFF236IUX	ENCFF227AWL
middle_frontal_area_46_ID_710	ENCFF236IUX	ENCFF592TSV
middle_frontal_area_46_ID_711	ENCFF236IUX	ENCFF114YIV
middle_frontal_area_46_ID_712	ENCFF236IUX	ENCFF575QTB
middle_frontal_area_46_ID_713	ENCFF236IUX	ENCFF244QQL
middle_frontal_area_46_ID_714	ENCFF236IUX	ENCFF761IWV
middle_frontal_area_46_ID_715	ENCFF236IUX	ENCFF105QXX
middle_frontal_area_46_ID_716	ENCFF236IUX	ENCFF072THO
middle_frontal_area_46_ID_717	ENCFF236IUX	ENCFF410HNA
middle_frontal_area_46_ID_718	ENCFF236IUX	ENCFF796DQP
middle_frontal_area_46_ID_719	ENCFF236IUX	ENCFF631NPO
middle_frontal_area_46_ID_720	ENCFF236IUX	ENCFF918FSP
middle_frontal_area_46_ID_721	ENCFF236IUX	ENCFF452ZUU
middle_frontal_area_46_ID_722	ENCFF236IUX	ENCFF484FUP
middle_frontal_area_46_ID_723	ENCFF236IUX	ENCFF672JEP
middle_frontal_area_46_ID_724	ENCFF236IUX	ENCFF377JWQ
middle_frontal_area_46_ID_725	ENCFF236IUX	ENCFF071LLG
middle_frontal_area_46_ID_726	ENCFF236IUX	ENCFF022JBB
middle_frontal_area_46_ID_727	ENCFF236IUX	ENCFF176VAR
middle_frontal_area_46_ID_728	ENCFF659RLK	ENCFF932FVV
middle_frontal_area_46_ID_729	ENCFF659RLK	ENCFF777JWI
middle_frontal_area_46_ID_730	ENCFF659RLK	ENCFF638KAU
middle_frontal_area_46_ID_731	ENCFF659RLK	ENCFF177EVZ
middle_frontal_area_46_ID_732	ENCFF659RLK	ENCFF535BVG
middle_frontal_area_46_ID_733	ENCFF659RLK	ENCFF864WAT
middle_frontal_area_46_ID_734	ENCFF659RLK	ENCFF890ZEQ
middle_frontal_area_46_ID_735	ENCFF659RLK	ENCFF529VDE
middle_frontal_area_46_ID_736	ENCFF659RLK	ENCFF633MNX
middle_frontal_area_46_ID_737	ENCFF659RLK	ENCFF678PNK
middle_frontal_area_46_ID_738	ENCFF659RLK	ENCFF835QGL
middle_frontal_area_46_ID_739	ENCFF659RLK	ENCFF682PIO
middle_frontal_area_46_ID_740	ENCFF659RLK	ENCFF227AWL
middle_frontal_area_46_ID_741	ENCFF659RLK	ENCFF592TSV
middle_frontal_area_46_ID_742	ENCFF659RLK	ENCFF114YIV
middle_frontal_area_46_ID_743	ENCFF659RLK	ENCFF575QTB
middle_frontal_area_46_ID_744	ENCFF659RLK	ENCFF244QQL
middle_frontal_area_46_ID_745	ENCFF659RLK	ENCFF761IWV
middle_frontal_area_46_ID_746	ENCFF659RLK	ENCFF105QXX
middle_frontal_area_46_ID_747	ENCFF659RLK	ENCFF072THO
middle_frontal_area_46_ID_748	ENCFF659RLK	ENCFF410HNA
middle_frontal_area_46_ID_749	ENCFF659RLK	ENCFF796DQP
middle_frontal_area_46_ID_750	ENCFF659RLK	ENCFF631NPO
middle_frontal_area_46_ID_751	ENCFF659RLK	ENCFF918FSP
middle_frontal_area_46_ID_752	ENCFF659RLK	ENCFF452ZUU
middle_frontal_area_46_ID_753	ENCFF659RLK	ENCFF484FUP
middle_frontal_area_46_ID_754	ENCFF659RLK	ENCFF672JEP
middle_frontal_area_46_ID_755	ENCFF659RLK	ENCFF377JWQ
middle_frontal_area_46_ID_756	ENCFF659RLK	ENCFF071LLG
middle_frontal_area_46_ID_757	ENCFF659RLK	ENCFF022JBB
middle_frontal_area_46_ID_758	ENCFF659RLK	ENCFF176VAR
middle_frontal_area_46_ID_759	ENCFF216FNC	ENCFF932FVV
middle_frontal_area_46_ID_760	ENCFF216FNC	ENCFF777JWI
middle_frontal_area_46_ID_761	ENCFF216FNC	ENCFF638KAU
middle_frontal_area_46_ID_762	ENCFF216FNC	ENCFF177EVZ
middle_frontal_area_46_ID_763	ENCFF216FNC	ENCFF535BVG
middle_frontal_area_46_ID_764	ENCFF216FNC	ENCFF864WAT
middle_frontal_area_46_ID_765	ENCFF216FNC	ENCFF890ZEQ
middle_frontal_area_46_ID_766	ENCFF216FNC	ENCFF529VDE
middle_frontal_area_46_ID_767	ENCFF216FNC	ENCFF633MNX
middle_frontal_area_46_ID_768	ENCFF216FNC	ENCFF678PNK
middle_frontal_area_46_ID_769	ENCFF216FNC	ENCFF835QGL
middle_frontal_area_46_ID_770	ENCFF216FNC	ENCFF682PIO
middle_frontal_area_46_ID_771	ENCFF216FNC	ENCFF227AWL
middle_frontal_area_46_ID_772	ENCFF216FNC	ENCFF592TSV
middle_frontal_area_46_ID_773	ENCFF216FNC	ENCFF114YIV
middle_frontal_area_46_ID_774	ENCFF216FNC	ENCFF575QTB
middle_frontal_area_46_ID_775	ENCFF216FNC	ENCFF244QQL
middle_frontal_area_46_ID_776	ENCFF216FNC	ENCFF761IWV
middle_frontal_area_46_ID_777	ENCFF216FNC	ENCFF105QXX
middle_frontal_area_46_ID_778	ENCFF216FNC	ENCFF072THO
middle_frontal_area_46_ID_779	ENCFF216FNC	ENCFF410HNA
middle_frontal_area_46_ID_780	ENCFF216FNC	ENCFF796DQP
middle_frontal_area_46_ID_781	ENCFF216FNC	ENCFF631NPO
middle_frontal_area_46_ID_782	ENCFF216FNC	ENCFF918FSP
middle_frontal_area_46_ID_783	ENCFF216FNC	ENCFF452ZUU
middle_frontal_area_46_ID_784	ENCFF216FNC	ENCFF484FUP
middle_frontal_area_46_ID_785	ENCFF216FNC	ENCFF672JEP
middle_frontal_area_46_ID_786	ENCFF216FNC	ENCFF377JWQ
middle_frontal_area_46_ID_787	ENCFF216FNC	ENCFF071LLG
middle_frontal_area_46_ID_788	ENCFF216FNC	ENCFF022JBB
middle_frontal_area_46_ID_789	ENCFF216FNC	ENCFF176VAR
middle_frontal_area_46_ID_790	ENCFF783FER	ENCFF932FVV
middle_frontal_area_46_ID_791	ENCFF783FER	ENCFF777JWI
middle_frontal_area_46_ID_792	ENCFF783FER	ENCFF638KAU
middle_frontal_area_46_ID_793	ENCFF783FER	ENCFF177EVZ
middle_frontal_area_46_ID_794	ENCFF783FER	ENCFF535BVG
middle_frontal_area_46_ID_795	ENCFF783FER	ENCFF864WAT
middle_frontal_area_46_ID_796	ENCFF783FER	ENCFF890ZEQ
middle_frontal_area_46_ID_797	ENCFF783FER	ENCFF529VDE
middle_frontal_area_46_ID_798	ENCFF783FER	ENCFF633MNX
middle_frontal_area_46_ID_799	ENCFF783FER	ENCFF678PNK
middle_frontal_area_46_ID_800	ENCFF783FER	ENCFF835QGL
middle_frontal_area_46_ID_801	ENCFF783FER	ENCFF682PIO
middle_frontal_area_46_ID_802	ENCFF783FER	ENCFF227AWL
middle_frontal_area_46_ID_803	ENCFF783FER	ENCFF592TSV
middle_frontal_area_46_ID_804	ENCFF783FER	ENCFF114YIV
middle_frontal_area_46_ID_805	ENCFF783FER	ENCFF575QTB
middle_frontal_area_46_ID_806	ENCFF783FER	ENCFF244QQL
middle_frontal_area_46_ID_807	ENCFF783FER	ENCFF761IWV
middle_frontal_area_46_ID_808	ENCFF783FER	ENCFF105QXX
middle_frontal_area_46_ID_809	ENCFF783FER	ENCFF072THO
middle_frontal_area_46_ID_810	ENCFF783FER	ENCFF410HNA
middle_frontal_area_46_ID_811	ENCFF783FER	ENCFF796DQP
middle_frontal_area_46_ID_812	ENCFF783FER	ENCFF631NPO
middle_frontal_area_46_ID_813	ENCFF783FER	ENCFF918FSP
middle_frontal_area_46_ID_814	ENCFF783FER	ENCFF452ZUU
middle_frontal_area_46_ID_815	ENCFF783FER	ENCFF484FUP
middle_frontal_area_46_ID_816	ENCFF783FER	ENCFF672JEP
middle_frontal_area_46_ID_817	ENCFF783FER	ENCFF377JWQ
middle_frontal_area_46_ID_818	ENCFF783FER	ENCFF071LLG
middle_frontal_area_46_ID_819	ENCFF783FER	ENCFF022JBB
middle_frontal_area_46_ID_820	ENCFF783FER	ENCFF176VAR
middle_frontal_area_46_ID_821	ENCFF631QEH	ENCFF932FVV
middle_frontal_area_46_ID_822	ENCFF631QEH	ENCFF777JWI
middle_frontal_area_46_ID_823	ENCFF631QEH	ENCFF638KAU
middle_frontal_area_46_ID_824	ENCFF631QEH	ENCFF177EVZ
middle_frontal_area_46_ID_825	ENCFF631QEH	ENCFF535BVG
middle_frontal_area_46_ID_826	ENCFF631QEH	ENCFF864WAT
middle_frontal_area_46_ID_827	ENCFF631QEH	ENCFF890ZEQ
middle_frontal_area_46_ID_828	ENCFF631QEH	ENCFF529VDE
middle_frontal_area_46_ID_829	ENCFF631QEH	ENCFF633MNX
middle_frontal_area_46_ID_830	ENCFF631QEH	ENCFF678PNK
middle_frontal_area_46_ID_831	ENCFF631QEH	ENCFF835QGL
middle_frontal_area_46_ID_832	ENCFF631QEH	ENCFF682PIO
middle_frontal_area_46_ID_833	ENCFF631QEH	ENCFF227AWL
middle_frontal_area_46_ID_834	ENCFF631QEH	ENCFF592TSV
middle_frontal_area_46_ID_835	ENCFF631QEH	ENCFF114YIV
middle_frontal_area_46_ID_836	ENCFF631QEH	ENCFF575QTB
middle_frontal_area_46_ID_837	ENCFF631QEH	ENCFF244QQL
middle_frontal_area_46_ID_838	ENCFF631QEH	ENCFF761IWV
middle_frontal_area_46_ID_839	ENCFF631QEH	ENCFF105QXX
middle_frontal_area_46_ID_840	ENCFF631QEH	ENCFF072THO
middle_frontal_area_46_ID_841	ENCFF631QEH	ENCFF410HNA
middle_frontal_area_46_ID_842	ENCFF631QEH	ENCFF796DQP
middle_frontal_area_46_ID_843	ENCFF631QEH	ENCFF631NPO
middle_frontal_area_46_ID_844	ENCFF631QEH	ENCFF918FSP
middle_frontal_area_46_ID_845	ENCFF631QEH	ENCFF452ZUU
middle_frontal_area_46_ID_846	ENCFF631QEH	ENCFF484FUP
middle_frontal_area_46_ID_847	ENCFF631QEH	ENCFF672JEP
middle_frontal_area_46_ID_848	ENCFF631QEH	ENCFF377JWQ
middle_frontal_area_46_ID_849	ENCFF631QEH	ENCFF071LLG
middle_frontal_area_46_ID_850	ENCFF631QEH	ENCFF022JBB
middle_frontal_area_46_ID_851	ENCFF631QEH	ENCFF176VAR
middle_frontal_area_46_ID_852	ENCFF452BEP	ENCFF932FVV
middle_frontal_area_46_ID_853	ENCFF452BEP	ENCFF777JWI
middle_frontal_area_46_ID_854	ENCFF452BEP	ENCFF638KAU
middle_frontal_area_46_ID_855	ENCFF452BEP	ENCFF177EVZ
middle_frontal_area_46_ID_856	ENCFF452BEP	ENCFF535BVG
middle_frontal_area_46_ID_857	ENCFF452BEP	ENCFF864WAT
middle_frontal_area_46_ID_858	ENCFF452BEP	ENCFF890ZEQ
middle_frontal_area_46_ID_859	ENCFF452BEP	ENCFF529VDE
middle_frontal_area_46_ID_860	ENCFF452BEP	ENCFF633MNX
middle_frontal_area_46_ID_861	ENCFF452BEP	ENCFF678PNK
middle_frontal_area_46_ID_862	ENCFF452BEP	ENCFF835QGL
middle_frontal_area_46_ID_863	ENCFF452BEP	ENCFF682PIO
middle_frontal_area_46_ID_864	ENCFF452BEP	ENCFF227AWL
middle_frontal_area_46_ID_865	ENCFF452BEP	ENCFF592TSV
middle_frontal_area_46_ID_866	ENCFF452BEP	ENCFF114YIV
middle_frontal_area_46_ID_867	ENCFF452BEP	ENCFF575QTB
middle_frontal_area_46_ID_868	ENCFF452BEP	ENCFF244QQL
middle_frontal_area_46_ID_869	ENCFF452BEP	ENCFF761IWV
middle_frontal_area_46_ID_870	ENCFF452BEP	ENCFF105QXX
middle_frontal_area_46_ID_871	ENCFF452BEP	ENCFF072THO
middle_frontal_area_46_ID_872	ENCFF452BEP	ENCFF410HNA
middle_frontal_area_46_ID_873	ENCFF452BEP	ENCFF796DQP
middle_frontal_area_46_ID_874	ENCFF452BEP	ENCFF631NPO
middle_frontal_area_46_ID_875	ENCFF452BEP	ENCFF918FSP
middle_frontal_area_46_ID_876	ENCFF452BEP	ENCFF452ZUU
middle_frontal_area_46_ID_877	ENCFF452BEP	ENCFF484FUP
middle_frontal_area_46_ID_878	ENCFF452BEP	ENCFF672JEP
middle_frontal_area_46_ID_879	ENCFF452BEP	ENCFF377JWQ
middle_frontal_area_46_ID_880	ENCFF452BEP	ENCFF071LLG
middle_frontal_area_46_ID_881	ENCFF452BEP	ENCFF022JBB
middle_frontal_area_46_ID_882	ENCFF452BEP	ENCFF176VAR
middle_frontal_area_46_ID_883	ENCFF781VFM	ENCFF932FVV
middle_frontal_area_46_ID_884	ENCFF781VFM	ENCFF777JWI
middle_frontal_area_46_ID_885	ENCFF781VFM	ENCFF638KAU
middle_frontal_area_46_ID_886	ENCFF781VFM	ENCFF177EVZ
middle_frontal_area_46_ID_887	ENCFF781VFM	ENCFF535BVG
middle_frontal_area_46_ID_888	ENCFF781VFM	ENCFF864WAT
middle_frontal_area_46_ID_889	ENCFF781VFM	ENCFF890ZEQ
middle_frontal_area_46_ID_890	ENCFF781VFM	ENCFF529VDE
middle_frontal_area_46_ID_891	ENCFF781VFM	ENCFF633MNX
middle_frontal_area_46_ID_892	ENCFF781VFM	ENCFF678PNK
middle_frontal_area_46_ID_893	ENCFF781VFM	ENCFF835QGL
middle_frontal_area_46_ID_894	ENCFF781VFM	ENCFF682PIO
middle_frontal_area_46_ID_895	ENCFF781VFM	ENCFF227AWL
middle_frontal_area_46_ID_896	ENCFF781VFM	ENCFF592TSV
middle_frontal_area_46_ID_897	ENCFF781VFM	ENCFF114YIV
middle_frontal_area_46_ID_898	ENCFF781VFM	ENCFF575QTB
middle_frontal_area_46_ID_899	ENCFF781VFM	ENCFF244QQL
middle_frontal_area_46_ID_900	ENCFF781VFM	ENCFF761IWV
middle_frontal_area_46_ID_901	ENCFF781VFM	ENCFF105QXX
middle_frontal_area_46_ID_902	ENCFF781VFM	ENCFF072THO
middle_frontal_area_46_ID_903	ENCFF781VFM	ENCFF410HNA
middle_frontal_area_46_ID_904	ENCFF781VFM	ENCFF796DQP
middle_frontal_area_46_ID_905	ENCFF781VFM	ENCFF631NPO
middle_frontal_area_46_ID_906	ENCFF781VFM	ENCFF918FSP
middle_frontal_area_46_ID_907	ENCFF781VFM	ENCFF452ZUU
middle_frontal_area_46_ID_908	ENCFF781VFM	ENCFF484FUP
middle_frontal_area_46_ID_909	ENCFF781VFM	ENCFF672JEP
middle_frontal_area_46_ID_910	ENCFF781VFM	ENCFF377JWQ
middle_frontal_area_46_ID_911	ENCFF781VFM	ENCFF071LLG
middle_frontal_area_46_ID_912	ENCFF781VFM	ENCFF022JBB
middle_frontal_area_46_ID_913	ENCFF781VFM	ENCFF176VAR
middle_frontal_area_46_ID_914	ENCFF976ONE	ENCFF932FVV
middle_frontal_area_46_ID_915	ENCFF976ONE	ENCFF777JWI
middle_frontal_area_46_ID_916	ENCFF976ONE	ENCFF638KAU
middle_frontal_area_46_ID_917	ENCFF976ONE	ENCFF177EVZ
middle_frontal_area_46_ID_918	ENCFF976ONE	ENCFF535BVG
middle_frontal_area_46_ID_919	ENCFF976ONE	ENCFF864WAT
middle_frontal_area_46_ID_920	ENCFF976ONE	ENCFF890ZEQ
middle_frontal_area_46_ID_921	ENCFF976ONE	ENCFF529VDE
middle_frontal_area_46_ID_922	ENCFF976ONE	ENCFF633MNX
middle_frontal_area_46_ID_923	ENCFF976ONE	ENCFF678PNK
middle_frontal_area_46_ID_924	ENCFF976ONE	ENCFF835QGL
middle_frontal_area_46_ID_925	ENCFF976ONE	ENCFF682PIO
middle_frontal_area_46_ID_926	ENCFF976ONE	ENCFF227AWL
middle_frontal_area_46_ID_927	ENCFF976ONE	ENCFF592TSV
middle_frontal_area_46_ID_928	ENCFF976ONE	ENCFF114YIV
middle_frontal_area_46_ID_929	ENCFF976ONE	ENCFF575QTB
middle_frontal_area_46_ID_930	ENCFF976ONE	ENCFF244QQL
middle_frontal_area_46_ID_931	ENCFF976ONE	ENCFF761IWV
middle_frontal_area_46_ID_932	ENCFF976ONE	ENCFF105QXX
middle_frontal_area_46_ID_933	ENCFF976ONE	ENCFF072THO
middle_frontal_area_46_ID_934	ENCFF976ONE	ENCFF410HNA
middle_frontal_area_46_ID_935	ENCFF976ONE	ENCFF796DQP
middle_frontal_area_46_ID_936	ENCFF976ONE	ENCFF631NPO
middle_frontal_area_46_ID_937	ENCFF976ONE	ENCFF918FSP
middle_frontal_area_46_ID_938	ENCFF976ONE	ENCFF452ZUU
middle_frontal_area_46_ID_939	ENCFF976ONE	ENCFF484FUP
middle_frontal_area_46_ID_940	ENCFF976ONE	ENCFF672JEP
middle_frontal_area_46_ID_941	ENCFF976ONE	ENCFF377JWQ
middle_frontal_area_46_ID_942	ENCFF976ONE	ENCFF071LLG
middle_frontal_area_46_ID_943	ENCFF976ONE	ENCFF022JBB
middle_frontal_area_46_ID_944	ENCFF976ONE	ENCFF176VAR
middle_frontal_area_46_ID_945	ENCFF844IOJ	ENCFF932FVV
middle_frontal_area_46_ID_946	ENCFF844IOJ	ENCFF777JWI
middle_frontal_area_46_ID_947	ENCFF844IOJ	ENCFF638KAU
middle_frontal_area_46_ID_948	ENCFF844IOJ	ENCFF177EVZ
middle_frontal_area_46_ID_949	ENCFF844IOJ	ENCFF535BVG
middle_frontal_area_46_ID_950	ENCFF844IOJ	ENCFF864WAT
middle_frontal_area_46_ID_951	ENCFF844IOJ	ENCFF890ZEQ
middle_frontal_area_46_ID_952	ENCFF844IOJ	ENCFF529VDE
middle_frontal_area_46_ID_953	ENCFF844IOJ	ENCFF633MNX
middle_frontal_area_46_ID_954	ENCFF844IOJ	ENCFF678PNK
middle_frontal_area_46_ID_955	ENCFF844IOJ	ENCFF835QGL
middle_frontal_area_46_ID_956	ENCFF844IOJ	ENCFF682PIO
middle_frontal_area_46_ID_957	ENCFF844IOJ	ENCFF227AWL
middle_frontal_area_46_ID_958	ENCFF844IOJ	ENCFF592TSV
middle_frontal_area_46_ID_959	ENCFF844IOJ	ENCFF114YIV
middle_frontal_area_46_ID_960	ENCFF844IOJ	ENCFF575QTB
middle_frontal_area_46_ID_961	ENCFF844IOJ	ENCFF244QQL
middle_frontal_area_46_ID_962	ENCFF844IOJ	ENCFF761IWV
middle_frontal_area_46_ID_963	ENCFF844IOJ	ENCFF105QXX
middle_frontal_area_46_ID_964	ENCFF844IOJ	ENCFF072THO
middle_frontal_area_46_ID_965	ENCFF844IOJ	ENCFF410HNA
middle_frontal_area_46_ID_966	ENCFF844IOJ	ENCFF796DQP
middle_frontal_area_46_ID_967	ENCFF844IOJ	ENCFF631NPO
middle_frontal_area_46_ID_968	ENCFF844IOJ	ENCFF918FSP
middle_frontal_area_46_ID_969	ENCFF844IOJ	ENCFF452ZUU
middle_frontal_area_46_ID_970	ENCFF844IOJ	ENCFF484FUP
middle_frontal_area_46_ID_971	ENCFF844IOJ	ENCFF672JEP
middle_frontal_area_46_ID_972	ENCFF844IOJ	ENCFF377JWQ
middle_frontal_area_46_ID_973	ENCFF844IOJ	ENCFF071LLG
middle_frontal_area_46_ID_974	ENCFF844IOJ	ENCFF022JBB
middle_frontal_area_46_ID_975	ENCFF844IOJ	ENCFF176VAR
middle_frontal_area_46_ID_976	ENCFF379KEV	ENCFF932FVV
middle_frontal_area_46_ID_977	ENCFF379KEV	ENCFF777JWI
middle_frontal_area_46_ID_978	ENCFF379KEV	ENCFF638KAU
middle_frontal_area_46_ID_979	ENCFF379KEV	ENCFF177EVZ
middle_frontal_area_46_ID_980	ENCFF379KEV	ENCFF535BVG
middle_frontal_area_46_ID_981	ENCFF379KEV	ENCFF864WAT
middle_frontal_area_46_ID_982	ENCFF379KEV	ENCFF890ZEQ
middle_frontal_area_46_ID_983	ENCFF379KEV	ENCFF529VDE
middle_frontal_area_46_ID_984	ENCFF379KEV	ENCFF633MNX
middle_frontal_area_46_ID_985	ENCFF379KEV	ENCFF678PNK
middle_frontal_area_46_ID_986	ENCFF379KEV	ENCFF835QGL
middle_frontal_area_46_ID_987	ENCFF379KEV	ENCFF682PIO
middle_frontal_area_46_ID_988	ENCFF379KEV	ENCFF227AWL
middle_frontal_area_46_ID_989	ENCFF379KEV	ENCFF592TSV
middle_frontal_area_46_ID_990	ENCFF379KEV	ENCFF114YIV
middle_frontal_area_46_ID_991	ENCFF379KEV	ENCFF575QTB
middle_frontal_area_46_ID_992	ENCFF379KEV	ENCFF244QQL
middle_frontal_area_46_ID_993	ENCFF379KEV	ENCFF761IWV
middle_frontal_area_46_ID_994	ENCFF379KEV	ENCFF105QXX
middle_frontal_area_46_ID_995	ENCFF379KEV	ENCFF072THO
middle_frontal_area_46_ID_996	ENCFF379KEV	ENCFF410HNA
middle_frontal_area_46_ID_997	ENCFF379KEV	ENCFF796DQP
middle_frontal_area_46_ID_998	ENCFF379KEV	ENCFF631NPO
middle_frontal_area_46_ID_999	ENCFF379KEV	ENCFF918FSP
middle_frontal_area_46_ID_1000	ENCFF379KEV	ENCFF452ZUU
middle_frontal_area_46_ID_1001	ENCFF379KEV	ENCFF484FUP
middle_frontal_area_46_ID_1002	ENCFF379KEV	ENCFF672JEP
middle_frontal_area_46_ID_1003	ENCFF379KEV	ENCFF377JWQ
middle_frontal_area_46_ID_1004	ENCFF379KEV	ENCFF071LLG
middle_frontal_area_46_ID_1005	ENCFF379KEV	ENCFF022JBB
middle_frontal_area_46_ID_1006	ENCFF379KEV	ENCFF176VAR
middle_frontal_area_46_ID_1007	ENCFF522BTV	ENCFF932FVV
middle_frontal_area_46_ID_1008	ENCFF522BTV	ENCFF777JWI
middle_frontal_area_46_ID_1009	ENCFF522BTV	ENCFF638KAU
middle_frontal_area_46_ID_1010	ENCFF522BTV	ENCFF177EVZ
middle_frontal_area_46_ID_1011	ENCFF522BTV	ENCFF535BVG
middle_frontal_area_46_ID_1012	ENCFF522BTV	ENCFF864WAT
middle_frontal_area_46_ID_1013	ENCFF522BTV	ENCFF890ZEQ
middle_frontal_area_46_ID_1014	ENCFF522BTV	ENCFF529VDE
middle_frontal_area_46_ID_1015	ENCFF522BTV	ENCFF633MNX
middle_frontal_area_46_ID_1016	ENCFF522BTV	ENCFF678PNK
middle_frontal_area_46_ID_1017	ENCFF522BTV	ENCFF835QGL
middle_frontal_area_46_ID_1018	ENCFF522BTV	ENCFF682PIO
middle_frontal_area_46_ID_1019	ENCFF522BTV	ENCFF227AWL
middle_frontal_area_46_ID_1020	ENCFF522BTV	ENCFF592TSV
middle_frontal_area_46_ID_1021	ENCFF522BTV	ENCFF114YIV
middle_frontal_area_46_ID_1022	ENCFF522BTV	ENCFF575QTB
middle_frontal_area_46_ID_1023	ENCFF522BTV	ENCFF244QQL
middle_frontal_area_46_ID_1024	ENCFF522BTV	ENCFF761IWV
middle_frontal_area_46_ID_1025	ENCFF522BTV	ENCFF105QXX
middle_frontal_area_46_ID_1026	ENCFF522BTV	ENCFF072THO
middle_frontal_area_46_ID_1027	ENCFF522BTV	ENCFF410HNA
middle_frontal_area_46_ID_1028	ENCFF522BTV	ENCFF796DQP
middle_frontal_area_46_ID_1029	ENCFF522BTV	ENCFF631NPO
middle_frontal_area_46_ID_1030	ENCFF522BTV	ENCFF918FSP
middle_frontal_area_46_ID_1031	ENCFF522BTV	ENCFF452ZUU
middle_frontal_area_46_ID_1032	ENCFF522BTV	ENCFF484FUP
middle_frontal_area_46_ID_1033	ENCFF522BTV	ENCFF672JEP
middle_frontal_area_46_ID_1034	ENCFF522BTV	ENCFF377JWQ
middle_frontal_area_46_ID_1035	ENCFF522BTV	ENCFF071LLG
middle_frontal_area_46_ID_1036	ENCFF522BTV	ENCFF022JBB
middle_frontal_area_46_ID_1037	ENCFF522BTV	ENCFF176VAR
middle_frontal_area_46_ID_1038	ENCFF988KEG	ENCFF932FVV
middle_frontal_area_46_ID_1039	ENCFF988KEG	ENCFF777JWI
middle_frontal_area_46_ID_1040	ENCFF988KEG	ENCFF638KAU
middle_frontal_area_46_ID_1041	ENCFF988KEG	ENCFF177EVZ
middle_frontal_area_46_ID_1042	ENCFF988KEG	ENCFF535BVG
middle_frontal_area_46_ID_1043	ENCFF988KEG	ENCFF864WAT
middle_frontal_area_46_ID_1044	ENCFF988KEG	ENCFF890ZEQ
middle_frontal_area_46_ID_1045	ENCFF988KEG	ENCFF529VDE
middle_frontal_area_46_ID_1046	ENCFF988KEG	ENCFF633MNX
middle_frontal_area_46_ID_1047	ENCFF988KEG	ENCFF678PNK
middle_frontal_area_46_ID_1048	ENCFF988KEG	ENCFF835QGL
middle_frontal_area_46_ID_1049	ENCFF988KEG	ENCFF682PIO
middle_frontal_area_46_ID_1050	ENCFF988KEG	ENCFF227AWL
middle_frontal_area_46_ID_1051	ENCFF988KEG	ENCFF592TSV
middle_frontal_area_46_ID_1052	ENCFF988KEG	ENCFF114YIV
middle_frontal_area_46_ID_1053	ENCFF988KEG	ENCFF575QTB
middle_frontal_area_46_ID_1054	ENCFF988KEG	ENCFF244QQL
middle_frontal_area_46_ID_1055	ENCFF988KEG	ENCFF761IWV
middle_frontal_area_46_ID_1056	ENCFF988KEG	ENCFF105QXX
middle_frontal_area_46_ID_1057	ENCFF988KEG	ENCFF072THO
middle_frontal_area_46_ID_1058	ENCFF988KEG	ENCFF410HNA
middle_frontal_area_46_ID_1059	ENCFF988KEG	ENCFF796DQP
middle_frontal_area_46_ID_1060	ENCFF988KEG	ENCFF631NPO
middle_frontal_area_46_ID_1061	ENCFF988KEG	ENCFF918FSP
middle_frontal_area_46_ID_1062	ENCFF988KEG	ENCFF452ZUU
middle_frontal_area_46_ID_1063	ENCFF988KEG	ENCFF484FUP
middle_frontal_area_46_ID_1064	ENCFF988KEG	ENCFF672JEP
middle_frontal_area_46_ID_1065	ENCFF988KEG	ENCFF377JWQ
middle_frontal_area_46_ID_1066	ENCFF988KEG	ENCFF071LLG
middle_frontal_area_46_ID_1067	ENCFF988KEG	ENCFF022JBB
middle_frontal_area_46_ID_1068	ENCFF988KEG	ENCFF176VAR
middle_frontal_area_46_ID_1069	ENCFF867WDS	ENCFF932FVV
middle_frontal_area_46_ID_1070	ENCFF867WDS	ENCFF777JWI
middle_frontal_area_46_ID_1071	ENCFF867WDS	ENCFF638KAU
middle_frontal_area_46_ID_1072	ENCFF867WDS	ENCFF177EVZ
middle_frontal_area_46_ID_1073	ENCFF867WDS	ENCFF535BVG
middle_frontal_area_46_ID_1074	ENCFF867WDS	ENCFF864WAT
middle_frontal_area_46_ID_1075	ENCFF867WDS	ENCFF890ZEQ
middle_frontal_area_46_ID_1076	ENCFF867WDS	ENCFF529VDE
middle_frontal_area_46_ID_1077	ENCFF867WDS	ENCFF633MNX
middle_frontal_area_46_ID_1078	ENCFF867WDS	ENCFF678PNK
middle_frontal_area_46_ID_1079	ENCFF867WDS	ENCFF835QGL
middle_frontal_area_46_ID_1080	ENCFF867WDS	ENCFF682PIO
middle_frontal_area_46_ID_1081	ENCFF867WDS	ENCFF227AWL
middle_frontal_area_46_ID_1082	ENCFF867WDS	ENCFF592TSV
middle_frontal_area_46_ID_1083	ENCFF867WDS	ENCFF114YIV
middle_frontal_area_46_ID_1084	ENCFF867WDS	ENCFF575QTB
middle_frontal_area_46_ID_1085	ENCFF867WDS	ENCFF244QQL
middle_frontal_area_46_ID_1086	ENCFF867WDS	ENCFF761IWV
middle_frontal_area_46_ID_1087	ENCFF867WDS	ENCFF105QXX
middle_frontal_area_46_ID_1088	ENCFF867WDS	ENCFF072THO
middle_frontal_area_46_ID_1089	ENCFF867WDS	ENCFF410HNA
middle_frontal_area_46_ID_1090	ENCFF867WDS	ENCFF796DQP
middle_frontal_area_46_ID_1091	ENCFF867WDS	ENCFF631NPO
middle_frontal_area_46_ID_1092	ENCFF867WDS	ENCFF918FSP
middle_frontal_area_46_ID_1093	ENCFF867WDS	ENCFF452ZUU
middle_frontal_area_46_ID_1094	ENCFF867WDS	ENCFF484FUP
middle_frontal_area_46_ID_1095	ENCFF867WDS	ENCFF672JEP
middle_frontal_area_46_ID_1096	ENCFF867WDS	ENCFF377JWQ
middle_frontal_area_46_ID_1097	ENCFF867WDS	ENCFF071LLG
middle_frontal_area_46_ID_1098	ENCFF867WDS	ENCFF022JBB
middle_frontal_area_46_ID_1099	ENCFF867WDS	ENCFF176VAR
middle_frontal_area_46_ID_1100	ENCFF939SND	ENCFF932FVV
middle_frontal_area_46_ID_1101	ENCFF939SND	ENCFF777JWI
middle_frontal_area_46_ID_1102	ENCFF939SND	ENCFF638KAU
middle_frontal_area_46_ID_1103	ENCFF939SND	ENCFF177EVZ
middle_frontal_area_46_ID_1104	ENCFF939SND	ENCFF535BVG
middle_frontal_area_46_ID_1105	ENCFF939SND	ENCFF864WAT
middle_frontal_area_46_ID_1106	ENCFF939SND	ENCFF890ZEQ
middle_frontal_area_46_ID_1107	ENCFF939SND	ENCFF529VDE
middle_frontal_area_46_ID_1108	ENCFF939SND	ENCFF633MNX
middle_frontal_area_46_ID_1109	ENCFF939SND	ENCFF678PNK
middle_frontal_area_46_ID_1110	ENCFF939SND	ENCFF835QGL
middle_frontal_area_46_ID_1111	ENCFF939SND	ENCFF682PIO
middle_frontal_area_46_ID_1112	ENCFF939SND	ENCFF227AWL
middle_frontal_area_46_ID_1113	ENCFF939SND	ENCFF592TSV
middle_frontal_area_46_ID_1114	ENCFF939SND	ENCFF114YIV
middle_frontal_area_46_ID_1115	ENCFF939SND	ENCFF575QTB
middle_frontal_area_46_ID_1116	ENCFF939SND	ENCFF244QQL
middle_frontal_area_46_ID_1117	ENCFF939SND	ENCFF761IWV
middle_frontal_area_46_ID_1118	ENCFF939SND	ENCFF105QXX
middle_frontal_area_46_ID_1119	ENCFF939SND	ENCFF072THO
middle_frontal_area_46_ID_1120	ENCFF939SND	ENCFF410HNA
middle_frontal_area_46_ID_1121	ENCFF939SND	ENCFF796DQP
middle_frontal_area_46_ID_1122	ENCFF939SND	ENCFF631NPO
middle_frontal_area_46_ID_1123	ENCFF939SND	ENCFF918FSP
middle_frontal_area_46_ID_1124	ENCFF939SND	ENCFF452ZUU
middle_frontal_area_46_ID_1125	ENCFF939SND	ENCFF484FUP
middle_frontal_area_46_ID_1126	ENCFF939SND	ENCFF672JEP
middle_frontal_area_46_ID_1127	ENCFF939SND	ENCFF377JWQ
middle_frontal_area_46_ID_1128	ENCFF939SND	ENCFF071LLG
middle_frontal_area_46_ID_1129	ENCFF939SND	ENCFF022JBB
middle_frontal_area_46_ID_1130	ENCFF939SND	ENCFF176VAR
middle_frontal_area_46_ID_1131	ENCFF464WCG	ENCFF932FVV
middle_frontal_area_46_ID_1132	ENCFF464WCG	ENCFF777JWI
middle_frontal_area_46_ID_1133	ENCFF464WCG	ENCFF638KAU
middle_frontal_area_46_ID_1134	ENCFF464WCG	ENCFF177EVZ
middle_frontal_area_46_ID_1135	ENCFF464WCG	ENCFF535BVG
middle_frontal_area_46_ID_1136	ENCFF464WCG	ENCFF864WAT
middle_frontal_area_46_ID_1137	ENCFF464WCG	ENCFF890ZEQ
middle_frontal_area_46_ID_1138	ENCFF464WCG	ENCFF529VDE
middle_frontal_area_46_ID_1139	ENCFF464WCG	ENCFF633MNX
middle_frontal_area_46_ID_1140	ENCFF464WCG	ENCFF678PNK
middle_frontal_area_46_ID_1141	ENCFF464WCG	ENCFF835QGL
middle_frontal_area_46_ID_1142	ENCFF464WCG	ENCFF682PIO
middle_frontal_area_46_ID_1143	ENCFF464WCG	ENCFF227AWL
middle_frontal_area_46_ID_1144	ENCFF464WCG	ENCFF592TSV
middle_frontal_area_46_ID_1145	ENCFF464WCG	ENCFF114YIV
middle_frontal_area_46_ID_1146	ENCFF464WCG	ENCFF575QTB
middle_frontal_area_46_ID_1147	ENCFF464WCG	ENCFF244QQL
middle_frontal_area_46_ID_1148	ENCFF464WCG	ENCFF761IWV
middle_frontal_area_46_ID_1149	ENCFF464WCG	ENCFF105QXX
middle_frontal_area_46_ID_1150	ENCFF464WCG	ENCFF072THO
middle_frontal_area_46_ID_1151	ENCFF464WCG	ENCFF410HNA
middle_frontal_area_46_ID_1152	ENCFF464WCG	ENCFF796DQP
middle_frontal_area_46_ID_1153	ENCFF464WCG	ENCFF631NPO
middle_frontal_area_46_ID_1154	ENCFF464WCG	ENCFF918FSP
middle_frontal_area_46_ID_1155	ENCFF464WCG	ENCFF452ZUU
middle_frontal_area_46_ID_1156	ENCFF464WCG	ENCFF484FUP
middle_frontal_area_46_ID_1157	ENCFF464WCG	ENCFF672JEP
middle_frontal_area_46_ID_1158	ENCFF464WCG	ENCFF377JWQ
middle_frontal_area_46_ID_1159	ENCFF464WCG	ENCFF071LLG
middle_frontal_area_46_ID_1160	ENCFF464WCG	ENCFF022JBB
middle_frontal_area_46_ID_1161	ENCFF464WCG	ENCFF176VAR
middle_frontal_area_46_ID_1162	ENCFF796GKB	ENCFF932FVV
middle_frontal_area_46_ID_1163	ENCFF796GKB	ENCFF777JWI
middle_frontal_area_46_ID_1164	ENCFF796GKB	ENCFF638KAU
middle_frontal_area_46_ID_1165	ENCFF796GKB	ENCFF177EVZ
middle_frontal_area_46_ID_1166	ENCFF796GKB	ENCFF535BVG
middle_frontal_area_46_ID_1167	ENCFF796GKB	ENCFF864WAT
middle_frontal_area_46_ID_1168	ENCFF796GKB	ENCFF890ZEQ
middle_frontal_area_46_ID_1169	ENCFF796GKB	ENCFF529VDE
middle_frontal_area_46_ID_1170	ENCFF796GKB	ENCFF633MNX
middle_frontal_area_46_ID_1171	ENCFF796GKB	ENCFF678PNK
middle_frontal_area_46_ID_1172	ENCFF796GKB	ENCFF835QGL
middle_frontal_area_46_ID_1173	ENCFF796GKB	ENCFF682PIO
middle_frontal_area_46_ID_1174	ENCFF796GKB	ENCFF227AWL
middle_frontal_area_46_ID_1175	ENCFF796GKB	ENCFF592TSV
middle_frontal_area_46_ID_1176	ENCFF796GKB	ENCFF114YIV
middle_frontal_area_46_ID_1177	ENCFF796GKB	ENCFF575QTB
middle_frontal_area_46_ID_1178	ENCFF796GKB	ENCFF244QQL
middle_frontal_area_46_ID_1179	ENCFF796GKB	ENCFF761IWV
middle_frontal_area_46_ID_1180	ENCFF796GKB	ENCFF105QXX
middle_frontal_area_46_ID_1181	ENCFF796GKB	ENCFF072THO
middle_frontal_area_46_ID_1182	ENCFF796GKB	ENCFF410HNA
middle_frontal_area_46_ID_1183	ENCFF796GKB	ENCFF796DQP
middle_frontal_area_46_ID_1184	ENCFF796GKB	ENCFF631NPO
middle_frontal_area_46_ID_1185	ENCFF796GKB	ENCFF918FSP
middle_frontal_area_46_ID_1186	ENCFF796GKB	ENCFF452ZUU
middle_frontal_area_46_ID_1187	ENCFF796GKB	ENCFF484FUP
middle_frontal_area_46_ID_1188	ENCFF796GKB	ENCFF672JEP
middle_frontal_area_46_ID_1189	ENCFF796GKB	ENCFF377JWQ
middle_frontal_area_46_ID_1190	ENCFF796GKB	ENCFF071LLG
middle_frontal_area_46_ID_1191	ENCFF796GKB	ENCFF022JBB
middle_frontal_area_46_ID_1192	ENCFF796GKB	ENCFF176VAR
middle_frontal_area_46_ID_1193	ENCFF863BVX	ENCFF932FVV
middle_frontal_area_46_ID_1194	ENCFF863BVX	ENCFF777JWI
middle_frontal_area_46_ID_1195	ENCFF863BVX	ENCFF638KAU
middle_frontal_area_46_ID_1196	ENCFF863BVX	ENCFF177EVZ
middle_frontal_area_46_ID_1197	ENCFF863BVX	ENCFF535BVG
middle_frontal_area_46_ID_1198	ENCFF863BVX	ENCFF864WAT
middle_frontal_area_46_ID_1199	ENCFF863BVX	ENCFF890ZEQ
middle_frontal_area_46_ID_1200	ENCFF863BVX	ENCFF529VDE
middle_frontal_area_46_ID_1201	ENCFF863BVX	ENCFF633MNX
middle_frontal_area_46_ID_1202	ENCFF863BVX	ENCFF678PNK
middle_frontal_area_46_ID_1203	ENCFF863BVX	ENCFF835QGL
middle_frontal_area_46_ID_1204	ENCFF863BVX	ENCFF682PIO
middle_frontal_area_46_ID_1205	ENCFF863BVX	ENCFF227AWL
middle_frontal_area_46_ID_1206	ENCFF863BVX	ENCFF592TSV
middle_frontal_area_46_ID_1207	ENCFF863BVX	ENCFF114YIV
middle_frontal_area_46_ID_1208	ENCFF863BVX	ENCFF575QTB
middle_frontal_area_46_ID_1209	ENCFF863BVX	ENCFF244QQL
middle_frontal_area_46_ID_1210	ENCFF863BVX	ENCFF761IWV
middle_frontal_area_46_ID_1211	ENCFF863BVX	ENCFF105QXX
middle_frontal_area_46_ID_1212	ENCFF863BVX	ENCFF072THO
middle_frontal_area_46_ID_1213	ENCFF863BVX	ENCFF410HNA
middle_frontal_area_46_ID_1214	ENCFF863BVX	ENCFF796DQP
middle_frontal_area_46_ID_1215	ENCFF863BVX	ENCFF631NPO
middle_frontal_area_46_ID_1216	ENCFF863BVX	ENCFF918FSP
middle_frontal_area_46_ID_1217	ENCFF863BVX	ENCFF452ZUU
middle_frontal_area_46_ID_1218	ENCFF863BVX	ENCFF484FUP
middle_frontal_area_46_ID_1219	ENCFF863BVX	ENCFF672JEP
middle_frontal_area_46_ID_1220	ENCFF863BVX	ENCFF377JWQ
middle_frontal_area_46_ID_1221	ENCFF863BVX	ENCFF071LLG
middle_frontal_area_46_ID_1222	ENCFF863BVX	ENCFF022JBB
middle_frontal_area_46_ID_1223	ENCFF863BVX	ENCFF176VAR
middle_frontal_area_46_ID_1224	ENCFF014VVM	ENCFF932FVV
middle_frontal_area_46_ID_1225	ENCFF014VVM	ENCFF777JWI
middle_frontal_area_46_ID_1226	ENCFF014VVM	ENCFF638KAU
middle_frontal_area_46_ID_1227	ENCFF014VVM	ENCFF177EVZ
middle_frontal_area_46_ID_1228	ENCFF014VVM	ENCFF535BVG
middle_frontal_area_46_ID_1229	ENCFF014VVM	ENCFF864WAT
middle_frontal_area_46_ID_1230	ENCFF014VVM	ENCFF890ZEQ
middle_frontal_area_46_ID_1231	ENCFF014VVM	ENCFF529VDE
middle_frontal_area_46_ID_1232	ENCFF014VVM	ENCFF633MNX
middle_frontal_area_46_ID_1233	ENCFF014VVM	ENCFF678PNK
middle_frontal_area_46_ID_1234	ENCFF014VVM	ENCFF835QGL
middle_frontal_area_46_ID_1235	ENCFF014VVM	ENCFF682PIO
middle_frontal_area_46_ID_1236	ENCFF014VVM	ENCFF227AWL
middle_frontal_area_46_ID_1237	ENCFF014VVM	ENCFF592TSV
middle_frontal_area_46_ID_1238	ENCFF014VVM	ENCFF114YIV
middle_frontal_area_46_ID_1239	ENCFF014VVM	ENCFF575QTB
middle_frontal_area_46_ID_1240	ENCFF014VVM	ENCFF244QQL
middle_frontal_area_46_ID_1241	ENCFF014VVM	ENCFF761IWV
middle_frontal_area_46_ID_1242	ENCFF014VVM	ENCFF105QXX
middle_frontal_area_46_ID_1243	ENCFF014VVM	ENCFF072THO
middle_frontal_area_46_ID_1244	ENCFF014VVM	ENCFF410HNA
middle_frontal_area_46_ID_1245	ENCFF014VVM	ENCFF796DQP
middle_frontal_area_46_ID_1246	ENCFF014VVM	ENCFF631NPO
middle_frontal_area_46_ID_1247	ENCFF014VVM	ENCFF918FSP
middle_frontal_area_46_ID_1248	ENCFF014VVM	ENCFF452ZUU
middle_frontal_area_46_ID_1249	ENCFF014VVM	ENCFF484FUP
middle_frontal_area_46_ID_1250	ENCFF014VVM	ENCFF672JEP
middle_frontal_area_46_ID_1251	ENCFF014VVM	ENCFF377JWQ
middle_frontal_area_46_ID_1252	ENCFF014VVM	ENCFF071LLG
middle_frontal_area_46_ID_1253	ENCFF014VVM	ENCFF022JBB
middle_frontal_area_46_ID_1254	ENCFF014VVM	ENCFF176VAR
middle_frontal_area_46_ID_1255	ENCFF542UZY	ENCFF932FVV
middle_frontal_area_46_ID_1256	ENCFF542UZY	ENCFF777JWI
middle_frontal_area_46_ID_1257	ENCFF542UZY	ENCFF638KAU
middle_frontal_area_46_ID_1258	ENCFF542UZY	ENCFF177EVZ
middle_frontal_area_46_ID_1259	ENCFF542UZY	ENCFF535BVG
middle_frontal_area_46_ID_1260	ENCFF542UZY	ENCFF864WAT
middle_frontal_area_46_ID_1261	ENCFF542UZY	ENCFF890ZEQ
middle_frontal_area_46_ID_1262	ENCFF542UZY	ENCFF529VDE
middle_frontal_area_46_ID_1263	ENCFF542UZY	ENCFF633MNX
middle_frontal_area_46_ID_1264	ENCFF542UZY	ENCFF678PNK
middle_frontal_area_46_ID_1265	ENCFF542UZY	ENCFF835QGL
middle_frontal_area_46_ID_1266	ENCFF542UZY	ENCFF682PIO
middle_frontal_area_46_ID_1267	ENCFF542UZY	ENCFF227AWL
middle_frontal_area_46_ID_1268	ENCFF542UZY	ENCFF592TSV
middle_frontal_area_46_ID_1269	ENCFF542UZY	ENCFF114YIV
middle_frontal_area_46_ID_1270	ENCFF542UZY	ENCFF575QTB
middle_frontal_area_46_ID_1271	ENCFF542UZY	ENCFF244QQL
middle_frontal_area_46_ID_1272	ENCFF542UZY	ENCFF761IWV
middle_frontal_area_46_ID_1273	ENCFF542UZY	ENCFF105QXX
middle_frontal_area_46_ID_1274	ENCFF542UZY	ENCFF072THO
middle_frontal_area_46_ID_1275	ENCFF542UZY	ENCFF410HNA
middle_frontal_area_46_ID_1276	ENCFF542UZY	ENCFF796DQP
middle_frontal_area_46_ID_1277	ENCFF542UZY	ENCFF631NPO
middle_frontal_area_46_ID_1278	ENCFF542UZY	ENCFF918FSP
middle_frontal_area_46_ID_1279	ENCFF542UZY	ENCFF452ZUU
middle_frontal_area_46_ID_1280	ENCFF542UZY	ENCFF484FUP
middle_frontal_area_46_ID_1281	ENCFF542UZY	ENCFF672JEP
middle_frontal_area_46_ID_1282	ENCFF542UZY	ENCFF377JWQ
middle_frontal_area_46_ID_1283	ENCFF542UZY	ENCFF071LLG
middle_frontal_area_46_ID_1284	ENCFF542UZY	ENCFF022JBB
middle_frontal_area_46_ID_1285	ENCFF542UZY	ENCFF176VAR
middle_frontal_area_46_ID_1286	ENCFF294JUS	ENCFF932FVV
middle_frontal_area_46_ID_1287	ENCFF294JUS	ENCFF777JWI
middle_frontal_area_46_ID_1288	ENCFF294JUS	ENCFF638KAU
middle_frontal_area_46_ID_1289	ENCFF294JUS	ENCFF177EVZ
middle_frontal_area_46_ID_1290	ENCFF294JUS	ENCFF535BVG
middle_frontal_area_46_ID_1291	ENCFF294JUS	ENCFF864WAT
middle_frontal_area_46_ID_1292	ENCFF294JUS	ENCFF890ZEQ
middle_frontal_area_46_ID_1293	ENCFF294JUS	ENCFF529VDE
middle_frontal_area_46_ID_1294	ENCFF294JUS	ENCFF633MNX
middle_frontal_area_46_ID_1295	ENCFF294JUS	ENCFF678PNK
middle_frontal_area_46_ID_1296	ENCFF294JUS	ENCFF835QGL
middle_frontal_area_46_ID_1297	ENCFF294JUS	ENCFF682PIO
middle_frontal_area_46_ID_1298	ENCFF294JUS	ENCFF227AWL
middle_frontal_area_46_ID_1299	ENCFF294JUS	ENCFF592TSV
middle_frontal_area_46_ID_1300	ENCFF294JUS	ENCFF114YIV
middle_frontal_area_46_ID_1301	ENCFF294JUS	ENCFF575QTB
middle_frontal_area_46_ID_1302	ENCFF294JUS	ENCFF244QQL
middle_frontal_area_46_ID_1303	ENCFF294JUS	ENCFF761IWV
middle_frontal_area_46_ID_1304	ENCFF294JUS	ENCFF105QXX
middle_frontal_area_46_ID_1305	ENCFF294JUS	ENCFF072THO
middle_frontal_area_46_ID_1306	ENCFF294JUS	ENCFF410HNA
middle_frontal_area_46_ID_1307	ENCFF294JUS	ENCFF796DQP
middle_frontal_area_46_ID_1308	ENCFF294JUS	ENCFF631NPO
middle_frontal_area_46_ID_1309	ENCFF294JUS	ENCFF918FSP
middle_frontal_area_46_ID_1310	ENCFF294JUS	ENCFF452ZUU
middle_frontal_area_46_ID_1311	ENCFF294JUS	ENCFF484FUP
middle_frontal_area_46_ID_1312	ENCFF294JUS	ENCFF672JEP
middle_frontal_area_46_ID_1313	ENCFF294JUS	ENCFF377JWQ
middle_frontal_area_46_ID_1314	ENCFF294JUS	ENCFF071LLG
middle_frontal_area_46_ID_1315	ENCFF294JUS	ENCFF022JBB
middle_frontal_area_46_ID_1316	ENCFF294JUS	ENCFF176VAR
middle_frontal_area_46_ID_1317	ENCFF711MLH	ENCFF932FVV
middle_frontal_area_46_ID_1318	ENCFF711MLH	ENCFF777JWI
middle_frontal_area_46_ID_1319	ENCFF711MLH	ENCFF638KAU
middle_frontal_area_46_ID_1320	ENCFF711MLH	ENCFF177EVZ
middle_frontal_area_46_ID_1321	ENCFF711MLH	ENCFF535BVG
middle_frontal_area_46_ID_1322	ENCFF711MLH	ENCFF864WAT
middle_frontal_area_46_ID_1323	ENCFF711MLH	ENCFF890ZEQ
middle_frontal_area_46_ID_1324	ENCFF711MLH	ENCFF529VDE
middle_frontal_area_46_ID_1325	ENCFF711MLH	ENCFF633MNX
middle_frontal_area_46_ID_1326	ENCFF711MLH	ENCFF678PNK
middle_frontal_area_46_ID_1327	ENCFF711MLH	ENCFF835QGL
middle_frontal_area_46_ID_1328	ENCFF711MLH	ENCFF682PIO
middle_frontal_area_46_ID_1329	ENCFF711MLH	ENCFF227AWL
middle_frontal_area_46_ID_1330	ENCFF711MLH	ENCFF592TSV
middle_frontal_area_46_ID_1331	ENCFF711MLH	ENCFF114YIV
middle_frontal_area_46_ID_1332	ENCFF711MLH	ENCFF575QTB
middle_frontal_area_46_ID_1333	ENCFF711MLH	ENCFF244QQL
middle_frontal_area_46_ID_1334	ENCFF711MLH	ENCFF761IWV
middle_frontal_area_46_ID_1335	ENCFF711MLH	ENCFF105QXX
middle_frontal_area_46_ID_1336	ENCFF711MLH	ENCFF072THO
middle_frontal_area_46_ID_1337	ENCFF711MLH	ENCFF410HNA
middle_frontal_area_46_ID_1338	ENCFF711MLH	ENCFF796DQP
middle_frontal_area_46_ID_1339	ENCFF711MLH	ENCFF631NPO
middle_frontal_area_46_ID_1340	ENCFF711MLH	ENCFF918FSP
middle_frontal_area_46_ID_1341	ENCFF711MLH	ENCFF452ZUU
middle_frontal_area_46_ID_1342	ENCFF711MLH	ENCFF484FUP
middle_frontal_area_46_ID_1343	ENCFF711MLH	ENCFF672JEP
middle_frontal_area_46_ID_1344	ENCFF711MLH	ENCFF377JWQ
middle_frontal_area_46_ID_1345	ENCFF711MLH	ENCFF071LLG
middle_frontal_area_46_ID_1346	ENCFF711MLH	ENCFF022JBB
middle_frontal_area_46_ID_1347	ENCFF711MLH	ENCFF176VAR
middle_frontal_area_46_ID_1348	ENCFF687NUR	ENCFF932FVV
middle_frontal_area_46_ID_1349	ENCFF687NUR	ENCFF777JWI
middle_frontal_area_46_ID_1350	ENCFF687NUR	ENCFF638KAU
middle_frontal_area_46_ID_1351	ENCFF687NUR	ENCFF177EVZ
middle_frontal_area_46_ID_1352	ENCFF687NUR	ENCFF535BVG
middle_frontal_area_46_ID_1353	ENCFF687NUR	ENCFF864WAT
middle_frontal_area_46_ID_1354	ENCFF687NUR	ENCFF890ZEQ
middle_frontal_area_46_ID_1355	ENCFF687NUR	ENCFF529VDE
middle_frontal_area_46_ID_1356	ENCFF687NUR	ENCFF633MNX
middle_frontal_area_46_ID_1357	ENCFF687NUR	ENCFF678PNK
middle_frontal_area_46_ID_1358	ENCFF687NUR	ENCFF835QGL
middle_frontal_area_46_ID_1359	ENCFF687NUR	ENCFF682PIO
middle_frontal_area_46_ID_1360	ENCFF687NUR	ENCFF227AWL
middle_frontal_area_46_ID_1361	ENCFF687NUR	ENCFF592TSV
middle_frontal_area_46_ID_1362	ENCFF687NUR	ENCFF114YIV
middle_frontal_area_46_ID_1363	ENCFF687NUR	ENCFF575QTB
middle_frontal_area_46_ID_1364	ENCFF687NUR	ENCFF244QQL
middle_frontal_area_46_ID_1365	ENCFF687NUR	ENCFF761IWV
middle_frontal_area_46_ID_1366	ENCFF687NUR	ENCFF105QXX
middle_frontal_area_46_ID_1367	ENCFF687NUR	ENCFF072THO
middle_frontal_area_46_ID_1368	ENCFF687NUR	ENCFF410HNA
middle_frontal_area_46_ID_1369	ENCFF687NUR	ENCFF796DQP
middle_frontal_area_46_ID_1370	ENCFF687NUR	ENCFF631NPO
middle_frontal_area_46_ID_1371	ENCFF687NUR	ENCFF918FSP
middle_frontal_area_46_ID_1372	ENCFF687NUR	ENCFF452ZUU
middle_frontal_area_46_ID_1373	ENCFF687NUR	ENCFF484FUP
middle_frontal_area_46_ID_1374	ENCFF687NUR	ENCFF672JEP
middle_frontal_area_46_ID_1375	ENCFF687NUR	ENCFF377JWQ
middle_frontal_area_46_ID_1376	ENCFF687NUR	ENCFF071LLG
middle_frontal_area_46_ID_1377	ENCFF687NUR	ENCFF022JBB
middle_frontal_area_46_ID_1378	ENCFF687NUR	ENCFF176VAR
middle_frontal_area_46_ID_1379	ENCFF842SOP	ENCFF932FVV
middle_frontal_area_46_ID_1380	ENCFF842SOP	ENCFF777JWI
middle_frontal_area_46_ID_1381	ENCFF842SOP	ENCFF638KAU
middle_frontal_area_46_ID_1382	ENCFF842SOP	ENCFF177EVZ
middle_frontal_area_46_ID_1383	ENCFF842SOP	ENCFF535BVG
middle_frontal_area_46_ID_1384	ENCFF842SOP	ENCFF864WAT
middle_frontal_area_46_ID_1385	ENCFF842SOP	ENCFF890ZEQ
middle_frontal_area_46_ID_1386	ENCFF842SOP	ENCFF529VDE
middle_frontal_area_46_ID_1387	ENCFF842SOP	ENCFF633MNX
middle_frontal_area_46_ID_1388	ENCFF842SOP	ENCFF678PNK
middle_frontal_area_46_ID_1389	ENCFF842SOP	ENCFF835QGL
middle_frontal_area_46_ID_1390	ENCFF842SOP	ENCFF682PIO
middle_frontal_area_46_ID_1391	ENCFF842SOP	ENCFF227AWL
middle_frontal_area_46_ID_1392	ENCFF842SOP	ENCFF592TSV
middle_frontal_area_46_ID_1393	ENCFF842SOP	ENCFF114YIV
middle_frontal_area_46_ID_1394	ENCFF842SOP	ENCFF575QTB
middle_frontal_area_46_ID_1395	ENCFF842SOP	ENCFF244QQL
middle_frontal_area_46_ID_1396	ENCFF842SOP	ENCFF761IWV
middle_frontal_area_46_ID_1397	ENCFF842SOP	ENCFF105QXX
middle_frontal_area_46_ID_1398	ENCFF842SOP	ENCFF072THO
middle_frontal_area_46_ID_1399	ENCFF842SOP	ENCFF410HNA
middle_frontal_area_46_ID_1400	ENCFF842SOP	ENCFF796DQP
middle_frontal_area_46_ID_1401	ENCFF842SOP	ENCFF631NPO
middle_frontal_area_46_ID_1402	ENCFF842SOP	ENCFF918FSP
middle_frontal_area_46_ID_1403	ENCFF842SOP	ENCFF452ZUU
middle_frontal_area_46_ID_1404	ENCFF842SOP	ENCFF484FUP
middle_frontal_area_46_ID_1405	ENCFF842SOP	ENCFF672JEP
middle_frontal_area_46_ID_1406	ENCFF842SOP	ENCFF377JWQ
middle_frontal_area_46_ID_1407	ENCFF842SOP	ENCFF071LLG
middle_frontal_area_46_ID_1408	ENCFF842SOP	ENCFF022JBB
middle_frontal_area_46_ID_1409	ENCFF842SOP	ENCFF176VAR
middle_frontal_area_46_ID_1410	ENCFF441PZM	ENCFF932FVV
middle_frontal_area_46_ID_1411	ENCFF441PZM	ENCFF777JWI
middle_frontal_area_46_ID_1412	ENCFF441PZM	ENCFF638KAU
middle_frontal_area_46_ID_1413	ENCFF441PZM	ENCFF177EVZ
middle_frontal_area_46_ID_1414	ENCFF441PZM	ENCFF535BVG
middle_frontal_area_46_ID_1415	ENCFF441PZM	ENCFF864WAT
middle_frontal_area_46_ID_1416	ENCFF441PZM	ENCFF890ZEQ
middle_frontal_area_46_ID_1417	ENCFF441PZM	ENCFF529VDE
middle_frontal_area_46_ID_1418	ENCFF441PZM	ENCFF633MNX
middle_frontal_area_46_ID_1419	ENCFF441PZM	ENCFF678PNK
middle_frontal_area_46_ID_1420	ENCFF441PZM	ENCFF835QGL
middle_frontal_area_46_ID_1421	ENCFF441PZM	ENCFF682PIO
middle_frontal_area_46_ID_1422	ENCFF441PZM	ENCFF227AWL
middle_frontal_area_46_ID_1423	ENCFF441PZM	ENCFF592TSV
middle_frontal_area_46_ID_1424	ENCFF441PZM	ENCFF114YIV
middle_frontal_area_46_ID_1425	ENCFF441PZM	ENCFF575QTB
middle_frontal_area_46_ID_1426	ENCFF441PZM	ENCFF244QQL
middle_frontal_area_46_ID_1427	ENCFF441PZM	ENCFF761IWV
middle_frontal_area_46_ID_1428	ENCFF441PZM	ENCFF105QXX
middle_frontal_area_46_ID_1429	ENCFF441PZM	ENCFF072THO
middle_frontal_area_46_ID_1430	ENCFF441PZM	ENCFF410HNA
middle_frontal_area_46_ID_1431	ENCFF441PZM	ENCFF796DQP
middle_frontal_area_46_ID_1432	ENCFF441PZM	ENCFF631NPO
middle_frontal_area_46_ID_1433	ENCFF441PZM	ENCFF918FSP
middle_frontal_area_46_ID_1434	ENCFF441PZM	ENCFF452ZUU
middle_frontal_area_46_ID_1435	ENCFF441PZM	ENCFF484FUP
middle_frontal_area_46_ID_1436	ENCFF441PZM	ENCFF672JEP
middle_frontal_area_46_ID_1437	ENCFF441PZM	ENCFF377JWQ
middle_frontal_area_46_ID_1438	ENCFF441PZM	ENCFF071LLG
middle_frontal_area_46_ID_1439	ENCFF441PZM	ENCFF022JBB
middle_frontal_area_46_ID_1440	ENCFF441PZM	ENCFF176VAR
middle_frontal_area_46_ID_1441	ENCFF912QTJ	ENCFF932FVV
middle_frontal_area_46_ID_1442	ENCFF912QTJ	ENCFF777JWI
middle_frontal_area_46_ID_1443	ENCFF912QTJ	ENCFF638KAU
middle_frontal_area_46_ID_1444	ENCFF912QTJ	ENCFF177EVZ
middle_frontal_area_46_ID_1445	ENCFF912QTJ	ENCFF535BVG
middle_frontal_area_46_ID_1446	ENCFF912QTJ	ENCFF864WAT
middle_frontal_area_46_ID_1447	ENCFF912QTJ	ENCFF890ZEQ
middle_frontal_area_46_ID_1448	ENCFF912QTJ	ENCFF529VDE
middle_frontal_area_46_ID_1449	ENCFF912QTJ	ENCFF633MNX
middle_frontal_area_46_ID_1450	ENCFF912QTJ	ENCFF678PNK
middle_frontal_area_46_ID_1451	ENCFF912QTJ	ENCFF835QGL
middle_frontal_area_46_ID_1452	ENCFF912QTJ	ENCFF682PIO
middle_frontal_area_46_ID_1453	ENCFF912QTJ	ENCFF227AWL
middle_frontal_area_46_ID_1454	ENCFF912QTJ	ENCFF592TSV
middle_frontal_area_46_ID_1455	ENCFF912QTJ	ENCFF114YIV
middle_frontal_area_46_ID_1456	ENCFF912QTJ	ENCFF575QTB
middle_frontal_area_46_ID_1457	ENCFF912QTJ	ENCFF244QQL
middle_frontal_area_46_ID_1458	ENCFF912QTJ	ENCFF761IWV
middle_frontal_area_46_ID_1459	ENCFF912QTJ	ENCFF105QXX
middle_frontal_area_46_ID_1460	ENCFF912QTJ	ENCFF072THO
middle_frontal_area_46_ID_1461	ENCFF912QTJ	ENCFF410HNA
middle_frontal_area_46_ID_1462	ENCFF912QTJ	ENCFF796DQP
middle_frontal_area_46_ID_1463	ENCFF912QTJ	ENCFF631NPO
middle_frontal_area_46_ID_1464	ENCFF912QTJ	ENCFF918FSP
middle_frontal_area_46_ID_1465	ENCFF912QTJ	ENCFF452ZUU
middle_frontal_area_46_ID_1466	ENCFF912QTJ	ENCFF484FUP
middle_frontal_area_46_ID_1467	ENCFF912QTJ	ENCFF672JEP
middle_frontal_area_46_ID_1468	ENCFF912QTJ	ENCFF377JWQ
middle_frontal_area_46_ID_1469	ENCFF912QTJ	ENCFF071LLG
middle_frontal_area_46_ID_1470	ENCFF912QTJ	ENCFF022JBB
middle_frontal_area_46_ID_1471	ENCFF912QTJ	ENCFF176VAR
middle_frontal_area_46_ID_1472	ENCFF168JKK	ENCFF932FVV
middle_frontal_area_46_ID_1473	ENCFF168JKK	ENCFF777JWI
middle_frontal_area_46_ID_1474	ENCFF168JKK	ENCFF638KAU
middle_frontal_area_46_ID_1475	ENCFF168JKK	ENCFF177EVZ
middle_frontal_area_46_ID_1476	ENCFF168JKK	ENCFF535BVG
middle_frontal_area_46_ID_1477	ENCFF168JKK	ENCFF864WAT
middle_frontal_area_46_ID_1478	ENCFF168JKK	ENCFF890ZEQ
middle_frontal_area_46_ID_1479	ENCFF168JKK	ENCFF529VDE
middle_frontal_area_46_ID_1480	ENCFF168JKK	ENCFF633MNX
middle_frontal_area_46_ID_1481	ENCFF168JKK	ENCFF678PNK
middle_frontal_area_46_ID_1482	ENCFF168JKK	ENCFF835QGL
middle_frontal_area_46_ID_1483	ENCFF168JKK	ENCFF682PIO
middle_frontal_area_46_ID_1484	ENCFF168JKK	ENCFF227AWL
middle_frontal_area_46_ID_1485	ENCFF168JKK	ENCFF592TSV
middle_frontal_area_46_ID_1486	ENCFF168JKK	ENCFF114YIV
middle_frontal_area_46_ID_1487	ENCFF168JKK	ENCFF575QTB
middle_frontal_area_46_ID_1488	ENCFF168JKK	ENCFF244QQL
middle_frontal_area_46_ID_1489	ENCFF168JKK	ENCFF761IWV
middle_frontal_area_46_ID_1490	ENCFF168JKK	ENCFF105QXX
middle_frontal_area_46_ID_1491	ENCFF168JKK	ENCFF072THO
middle_frontal_area_46_ID_1492	ENCFF168JKK	ENCFF410HNA
middle_frontal_area_46_ID_1493	ENCFF168JKK	ENCFF796DQP
middle_frontal_area_46_ID_1494	ENCFF168JKK	ENCFF631NPO
middle_frontal_area_46_ID_1495	ENCFF168JKK	ENCFF918FSP
middle_frontal_area_46_ID_1496	ENCFF168JKK	ENCFF452ZUU
middle_frontal_area_46_ID_1497	ENCFF168JKK	ENCFF484FUP
middle_frontal_area_46_ID_1498	ENCFF168JKK	ENCFF672JEP
middle_frontal_area_46_ID_1499	ENCFF168JKK	ENCFF377JWQ
middle_frontal_area_46_ID_1500	ENCFF168JKK	ENCFF071LLG
middle_frontal_area_46_ID_1501	ENCFF168JKK	ENCFF022JBB
middle_frontal_area_46_ID_1502	ENCFF168JKK	ENCFF176VAR
middle_frontal_area_46_ID_1503	ENCFF593MLG	ENCFF932FVV
middle_frontal_area_46_ID_1504	ENCFF593MLG	ENCFF777JWI
middle_frontal_area_46_ID_1505	ENCFF593MLG	ENCFF638KAU
middle_frontal_area_46_ID_1506	ENCFF593MLG	ENCFF177EVZ
middle_frontal_area_46_ID_1507	ENCFF593MLG	ENCFF535BVG
middle_frontal_area_46_ID_1508	ENCFF593MLG	ENCFF864WAT
middle_frontal_area_46_ID_1509	ENCFF593MLG	ENCFF890ZEQ
middle_frontal_area_46_ID_1510	ENCFF593MLG	ENCFF529VDE
middle_frontal_area_46_ID_1511	ENCFF593MLG	ENCFF633MNX
middle_frontal_area_46_ID_1512	ENCFF593MLG	ENCFF678PNK
middle_frontal_area_46_ID_1513	ENCFF593MLG	ENCFF835QGL
middle_frontal_area_46_ID_1514	ENCFF593MLG	ENCFF682PIO
middle_frontal_area_46_ID_1515	ENCFF593MLG	ENCFF227AWL
middle_frontal_area_46_ID_1516	ENCFF593MLG	ENCFF592TSV
middle_frontal_area_46_ID_1517	ENCFF593MLG	ENCFF114YIV
middle_frontal_area_46_ID_1518	ENCFF593MLG	ENCFF575QTB
middle_frontal_area_46_ID_1519	ENCFF593MLG	ENCFF244QQL
middle_frontal_area_46_ID_1520	ENCFF593MLG	ENCFF761IWV
middle_frontal_area_46_ID_1521	ENCFF593MLG	ENCFF105QXX
middle_frontal_area_46_ID_1522	ENCFF593MLG	ENCFF072THO
middle_frontal_area_46_ID_1523	ENCFF593MLG	ENCFF410HNA
middle_frontal_area_46_ID_1524	ENCFF593MLG	ENCFF796DQP
middle_frontal_area_46_ID_1525	ENCFF593MLG	ENCFF631NPO
middle_frontal_area_46_ID_1526	ENCFF593MLG	ENCFF918FSP
middle_frontal_area_46_ID_1527	ENCFF593MLG	ENCFF452ZUU
middle_frontal_area_46_ID_1528	ENCFF593MLG	ENCFF484FUP
middle_frontal_area_46_ID_1529	ENCFF593MLG	ENCFF672JEP
middle_frontal_area_46_ID_1530	ENCFF593MLG	ENCFF377JWQ
middle_frontal_area_46_ID_1531	ENCFF593MLG	ENCFF071LLG
middle_frontal_area_46_ID_1532	ENCFF593MLG	ENCFF022JBB
middle_frontal_area_46_ID_1533	ENCFF593MLG	ENCFF176VAR
middle_frontal_area_46_ID_1534	ENCFF069XDC	ENCFF932FVV
middle_frontal_area_46_ID_1535	ENCFF069XDC	ENCFF777JWI
middle_frontal_area_46_ID_1536	ENCFF069XDC	ENCFF638KAU
middle_frontal_area_46_ID_1537	ENCFF069XDC	ENCFF177EVZ
middle_frontal_area_46_ID_1538	ENCFF069XDC	ENCFF535BVG
middle_frontal_area_46_ID_1539	ENCFF069XDC	ENCFF864WAT
middle_frontal_area_46_ID_1540	ENCFF069XDC	ENCFF890ZEQ
middle_frontal_area_46_ID_1541	ENCFF069XDC	ENCFF529VDE
middle_frontal_area_46_ID_1542	ENCFF069XDC	ENCFF633MNX
middle_frontal_area_46_ID_1543	ENCFF069XDC	ENCFF678PNK
middle_frontal_area_46_ID_1544	ENCFF069XDC	ENCFF835QGL
middle_frontal_area_46_ID_1545	ENCFF069XDC	ENCFF682PIO
middle_frontal_area_46_ID_1546	ENCFF069XDC	ENCFF227AWL
middle_frontal_area_46_ID_1547	ENCFF069XDC	ENCFF592TSV
middle_frontal_area_46_ID_1548	ENCFF069XDC	ENCFF114YIV
middle_frontal_area_46_ID_1549	ENCFF069XDC	ENCFF575QTB
middle_frontal_area_46_ID_1550	ENCFF069XDC	ENCFF244QQL
middle_frontal_area_46_ID_1551	ENCFF069XDC	ENCFF761IWV
middle_frontal_area_46_ID_1552	ENCFF069XDC	ENCFF105QXX
middle_frontal_area_46_ID_1553	ENCFF069XDC	ENCFF072THO
middle_frontal_area_46_ID_1554	ENCFF069XDC	ENCFF410HNA
middle_frontal_area_46_ID_1555	ENCFF069XDC	ENCFF796DQP
middle_frontal_area_46_ID_1556	ENCFF069XDC	ENCFF631NPO
middle_frontal_area_46_ID_1557	ENCFF069XDC	ENCFF918FSP
middle_frontal_area_46_ID_1558	ENCFF069XDC	ENCFF452ZUU
middle_frontal_area_46_ID_1559	ENCFF069XDC	ENCFF484FUP
middle_frontal_area_46_ID_1560	ENCFF069XDC	ENCFF672JEP
middle_frontal_area_46_ID_1561	ENCFF069XDC	ENCFF377JWQ
middle_frontal_area_46_ID_1562	ENCFF069XDC	ENCFF071LLG
middle_frontal_area_46_ID_1563	ENCFF069XDC	ENCFF022JBB
middle_frontal_area_46_ID_1564	ENCFF069XDC	ENCFF176VAR
middle_frontal_area_46_ID_1565	ENCFF357AKD	ENCFF932FVV
middle_frontal_area_46_ID_1566	ENCFF357AKD	ENCFF777JWI
middle_frontal_area_46_ID_1567	ENCFF357AKD	ENCFF638KAU
middle_frontal_area_46_ID_1568	ENCFF357AKD	ENCFF177EVZ
middle_frontal_area_46_ID_1569	ENCFF357AKD	ENCFF535BVG
middle_frontal_area_46_ID_1570	ENCFF357AKD	ENCFF864WAT
middle_frontal_area_46_ID_1571	ENCFF357AKD	ENCFF890ZEQ
middle_frontal_area_46_ID_1572	ENCFF357AKD	ENCFF529VDE
middle_frontal_area_46_ID_1573	ENCFF357AKD	ENCFF633MNX
middle_frontal_area_46_ID_1574	ENCFF357AKD	ENCFF678PNK
middle_frontal_area_46_ID_1575	ENCFF357AKD	ENCFF835QGL
middle_frontal_area_46_ID_1576	ENCFF357AKD	ENCFF682PIO
middle_frontal_area_46_ID_1577	ENCFF357AKD	ENCFF227AWL
middle_frontal_area_46_ID_1578	ENCFF357AKD	ENCFF592TSV
middle_frontal_area_46_ID_1579	ENCFF357AKD	ENCFF114YIV
middle_frontal_area_46_ID_1580	ENCFF357AKD	ENCFF575QTB
middle_frontal_area_46_ID_1581	ENCFF357AKD	ENCFF244QQL
middle_frontal_area_46_ID_1582	ENCFF357AKD	ENCFF761IWV
middle_frontal_area_46_ID_1583	ENCFF357AKD	ENCFF105QXX
middle_frontal_area_46_ID_1584	ENCFF357AKD	ENCFF072THO
middle_frontal_area_46_ID_1585	ENCFF357AKD	ENCFF410HNA
middle_frontal_area_46_ID_1586	ENCFF357AKD	ENCFF796DQP
middle_frontal_area_46_ID_1587	ENCFF357AKD	ENCFF631NPO
middle_frontal_area_46_ID_1588	ENCFF357AKD	ENCFF918FSP
middle_frontal_area_46_ID_1589	ENCFF357AKD	ENCFF452ZUU
middle_frontal_area_46_ID_1590	ENCFF357AKD	ENCFF484FUP
middle_frontal_area_46_ID_1591	ENCFF357AKD	ENCFF672JEP
middle_frontal_area_46_ID_1592	ENCFF357AKD	ENCFF377JWQ
middle_frontal_area_46_ID_1593	ENCFF357AKD	ENCFF071LLG
middle_frontal_area_46_ID_1594	ENCFF357AKD	ENCFF022JBB
middle_frontal_area_46_ID_1595	ENCFF357AKD	ENCFF176VAR
middle_frontal_area_46_ID_1596	ENCFF288FOT	ENCFF932FVV
middle_frontal_area_46_ID_1597	ENCFF288FOT	ENCFF777JWI
middle_frontal_area_46_ID_1598	ENCFF288FOT	ENCFF638KAU
middle_frontal_area_46_ID_1599	ENCFF288FOT	ENCFF177EVZ
middle_frontal_area_46_ID_1600	ENCFF288FOT	ENCFF535BVG
middle_frontal_area_46_ID_1601	ENCFF288FOT	ENCFF864WAT
middle_frontal_area_46_ID_1602	ENCFF288FOT	ENCFF890ZEQ
middle_frontal_area_46_ID_1603	ENCFF288FOT	ENCFF529VDE
middle_frontal_area_46_ID_1604	ENCFF288FOT	ENCFF633MNX
middle_frontal_area_46_ID_1605	ENCFF288FOT	ENCFF678PNK
middle_frontal_area_46_ID_1606	ENCFF288FOT	ENCFF835QGL
middle_frontal_area_46_ID_1607	ENCFF288FOT	ENCFF682PIO
middle_frontal_area_46_ID_1608	ENCFF288FOT	ENCFF227AWL
middle_frontal_area_46_ID_1609	ENCFF288FOT	ENCFF592TSV
middle_frontal_area_46_ID_1610	ENCFF288FOT	ENCFF114YIV
middle_frontal_area_46_ID_1611	ENCFF288FOT	ENCFF575QTB
middle_frontal_area_46_ID_1612	ENCFF288FOT	ENCFF244QQL
middle_frontal_area_46_ID_1613	ENCFF288FOT	ENCFF761IWV
middle_frontal_area_46_ID_1614	ENCFF288FOT	ENCFF105QXX
middle_frontal_area_46_ID_1615	ENCFF288FOT	ENCFF072THO
middle_frontal_area_46_ID_1616	ENCFF288FOT	ENCFF410HNA
middle_frontal_area_46_ID_1617	ENCFF288FOT	ENCFF796DQP
middle_frontal_area_46_ID_1618	ENCFF288FOT	ENCFF631NPO
middle_frontal_area_46_ID_1619	ENCFF288FOT	ENCFF918FSP
middle_frontal_area_46_ID_1620	ENCFF288FOT	ENCFF452ZUU
middle_frontal_area_46_ID_1621	ENCFF288FOT	ENCFF484FUP
middle_frontal_area_46_ID_1622	ENCFF288FOT	ENCFF672JEP
middle_frontal_area_46_ID_1623	ENCFF288FOT	ENCFF377JWQ
middle_frontal_area_46_ID_1624	ENCFF288FOT	ENCFF071LLG
middle_frontal_area_46_ID_1625	ENCFF288FOT	ENCFF022JBB
middle_frontal_area_46_ID_1626	ENCFF288FOT	ENCFF176VAR
middle_frontal_area_46_ID_1627	ENCFF899FOU	ENCFF932FVV
middle_frontal_area_46_ID_1628	ENCFF899FOU	ENCFF777JWI
middle_frontal_area_46_ID_1629	ENCFF899FOU	ENCFF638KAU
middle_frontal_area_46_ID_1630	ENCFF899FOU	ENCFF177EVZ
middle_frontal_area_46_ID_1631	ENCFF899FOU	ENCFF535BVG
middle_frontal_area_46_ID_1632	ENCFF899FOU	ENCFF864WAT
middle_frontal_area_46_ID_1633	ENCFF899FOU	ENCFF890ZEQ
middle_frontal_area_46_ID_1634	ENCFF899FOU	ENCFF529VDE
middle_frontal_area_46_ID_1635	ENCFF899FOU	ENCFF633MNX
middle_frontal_area_46_ID_1636	ENCFF899FOU	ENCFF678PNK
middle_frontal_area_46_ID_1637	ENCFF899FOU	ENCFF835QGL
middle_frontal_area_46_ID_1638	ENCFF899FOU	ENCFF682PIO
middle_frontal_area_46_ID_1639	ENCFF899FOU	ENCFF227AWL
middle_frontal_area_46_ID_1640	ENCFF899FOU	ENCFF592TSV
middle_frontal_area_46_ID_1641	ENCFF899FOU	ENCFF114YIV
middle_frontal_area_46_ID_1642	ENCFF899FOU	ENCFF575QTB
middle_frontal_area_46_ID_1643	ENCFF899FOU	ENCFF244QQL
middle_frontal_area_46_ID_1644	ENCFF899FOU	ENCFF761IWV
middle_frontal_area_46_ID_1645	ENCFF899FOU	ENCFF105QXX
middle_frontal_area_46_ID_1646	ENCFF899FOU	ENCFF072THO
middle_frontal_area_46_ID_1647	ENCFF899FOU	ENCFF410HNA
middle_frontal_area_46_ID_1648	ENCFF899FOU	ENCFF796DQP
middle_frontal_area_46_ID_1649	ENCFF899FOU	ENCFF631NPO
middle_frontal_area_46_ID_1650	ENCFF899FOU	ENCFF918FSP
middle_frontal_area_46_ID_1651	ENCFF899FOU	ENCFF452ZUU
middle_frontal_area_46_ID_1652	ENCFF899FOU	ENCFF484FUP
middle_frontal_area_46_ID_1653	ENCFF899FOU	ENCFF672JEP
middle_frontal_area_46_ID_1654	ENCFF899FOU	ENCFF377JWQ
middle_frontal_area_46_ID_1655	ENCFF899FOU	ENCFF071LLG
middle_frontal_area_46_ID_1656	ENCFF899FOU	ENCFF022JBB
middle_frontal_area_46_ID_1657	ENCFF899FOU	ENCFF176VAR
middle_frontal_area_46_ID_1658	ENCFF113NQM	ENCFF932FVV
middle_frontal_area_46_ID_1659	ENCFF113NQM	ENCFF777JWI
middle_frontal_area_46_ID_1660	ENCFF113NQM	ENCFF638KAU
middle_frontal_area_46_ID_1661	ENCFF113NQM	ENCFF177EVZ
middle_frontal_area_46_ID_1662	ENCFF113NQM	ENCFF535BVG
middle_frontal_area_46_ID_1663	ENCFF113NQM	ENCFF864WAT
middle_frontal_area_46_ID_1664	ENCFF113NQM	ENCFF890ZEQ
middle_frontal_area_46_ID_1665	ENCFF113NQM	ENCFF529VDE
middle_frontal_area_46_ID_1666	ENCFF113NQM	ENCFF633MNX
middle_frontal_area_46_ID_1667	ENCFF113NQM	ENCFF678PNK
middle_frontal_area_46_ID_1668	ENCFF113NQM	ENCFF835QGL
middle_frontal_area_46_ID_1669	ENCFF113NQM	ENCFF682PIO
middle_frontal_area_46_ID_1670	ENCFF113NQM	ENCFF227AWL
middle_frontal_area_46_ID_1671	ENCFF113NQM	ENCFF592TSV
middle_frontal_area_46_ID_1672	ENCFF113NQM	ENCFF114YIV
middle_frontal_area_46_ID_1673	ENCFF113NQM	ENCFF575QTB
middle_frontal_area_46_ID_1674	ENCFF113NQM	ENCFF244QQL
middle_frontal_area_46_ID_1675	ENCFF113NQM	ENCFF761IWV
middle_frontal_area_46_ID_1676	ENCFF113NQM	ENCFF105QXX
middle_frontal_area_46_ID_1677	ENCFF113NQM	ENCFF072THO
middle_frontal_area_46_ID_1678	ENCFF113NQM	ENCFF410HNA
middle_frontal_area_46_ID_1679	ENCFF113NQM	ENCFF796DQP
middle_frontal_area_46_ID_1680	ENCFF113NQM	ENCFF631NPO
middle_frontal_area_46_ID_1681	ENCFF113NQM	ENCFF918FSP
middle_frontal_area_46_ID_1682	ENCFF113NQM	ENCFF452ZUU
middle_frontal_area_46_ID_1683	ENCFF113NQM	ENCFF484FUP
middle_frontal_area_46_ID_1684	ENCFF113NQM	ENCFF672JEP
middle_frontal_area_46_ID_1685	ENCFF113NQM	ENCFF377JWQ
middle_frontal_area_46_ID_1686	ENCFF113NQM	ENCFF071LLG
middle_frontal_area_46_ID_1687	ENCFF113NQM	ENCFF022JBB
middle_frontal_area_46_ID_1688	ENCFF113NQM	ENCFF176VAR
middle_frontal_area_46_ID_1689	ENCFF805XBY	ENCFF932FVV
middle_frontal_area_46_ID_1690	ENCFF805XBY	ENCFF777JWI
middle_frontal_area_46_ID_1691	ENCFF805XBY	ENCFF638KAU
middle_frontal_area_46_ID_1692	ENCFF805XBY	ENCFF177EVZ
middle_frontal_area_46_ID_1693	ENCFF805XBY	ENCFF535BVG
middle_frontal_area_46_ID_1694	ENCFF805XBY	ENCFF864WAT
middle_frontal_area_46_ID_1695	ENCFF805XBY	ENCFF890ZEQ
middle_frontal_area_46_ID_1696	ENCFF805XBY	ENCFF529VDE
middle_frontal_area_46_ID_1697	ENCFF805XBY	ENCFF633MNX
middle_frontal_area_46_ID_1698	ENCFF805XBY	ENCFF678PNK
middle_frontal_area_46_ID_1699	ENCFF805XBY	ENCFF835QGL
middle_frontal_area_46_ID_1700	ENCFF805XBY	ENCFF682PIO
middle_frontal_area_46_ID_1701	ENCFF805XBY	ENCFF227AWL
middle_frontal_area_46_ID_1702	ENCFF805XBY	ENCFF592TSV
middle_frontal_area_46_ID_1703	ENCFF805XBY	ENCFF114YIV
middle_frontal_area_46_ID_1704	ENCFF805XBY	ENCFF575QTB
middle_frontal_area_46_ID_1705	ENCFF805XBY	ENCFF244QQL
middle_frontal_area_46_ID_1706	ENCFF805XBY	ENCFF761IWV
middle_frontal_area_46_ID_1707	ENCFF805XBY	ENCFF105QXX
middle_frontal_area_46_ID_1708	ENCFF805XBY	ENCFF072THO
middle_frontal_area_46_ID_1709	ENCFF805XBY	ENCFF410HNA
middle_frontal_area_46_ID_1710	ENCFF805XBY	ENCFF796DQP
middle_frontal_area_46_ID_1711	ENCFF805XBY	ENCFF631NPO
middle_frontal_area_46_ID_1712	ENCFF805XBY	ENCFF918FSP
middle_frontal_area_46_ID_1713	ENCFF805XBY	ENCFF452ZUU
middle_frontal_area_46_ID_1714	ENCFF805XBY	ENCFF484FUP
middle_frontal_area_46_ID_1715	ENCFF805XBY	ENCFF672JEP
middle_frontal_area_46_ID_1716	ENCFF805XBY	ENCFF377JWQ
middle_frontal_area_46_ID_1717	ENCFF805XBY	ENCFF071LLG
middle_frontal_area_46_ID_1718	ENCFF805XBY	ENCFF022JBB
middle_frontal_area_46_ID_1719	ENCFF805XBY	ENCFF176VAR
middle_frontal_area_46_ID_1720	ENCFF168QLN	ENCFF932FVV
middle_frontal_area_46_ID_1721	ENCFF168QLN	ENCFF777JWI
middle_frontal_area_46_ID_1722	ENCFF168QLN	ENCFF638KAU
middle_frontal_area_46_ID_1723	ENCFF168QLN	ENCFF177EVZ
middle_frontal_area_46_ID_1724	ENCFF168QLN	ENCFF535BVG
middle_frontal_area_46_ID_1725	ENCFF168QLN	ENCFF864WAT
middle_frontal_area_46_ID_1726	ENCFF168QLN	ENCFF890ZEQ
middle_frontal_area_46_ID_1727	ENCFF168QLN	ENCFF529VDE
middle_frontal_area_46_ID_1728	ENCFF168QLN	ENCFF633MNX
middle_frontal_area_46_ID_1729	ENCFF168QLN	ENCFF678PNK
middle_frontal_area_46_ID_1730	ENCFF168QLN	ENCFF835QGL
middle_frontal_area_46_ID_1731	ENCFF168QLN	ENCFF682PIO
middle_frontal_area_46_ID_1732	ENCFF168QLN	ENCFF227AWL
middle_frontal_area_46_ID_1733	ENCFF168QLN	ENCFF592TSV
middle_frontal_area_46_ID_1734	ENCFF168QLN	ENCFF114YIV
middle_frontal_area_46_ID_1735	ENCFF168QLN	ENCFF575QTB
middle_frontal_area_46_ID_1736	ENCFF168QLN	ENCFF244QQL
middle_frontal_area_46_ID_1737	ENCFF168QLN	ENCFF761IWV
middle_frontal_area_46_ID_1738	ENCFF168QLN	ENCFF105QXX
middle_frontal_area_46_ID_1739	ENCFF168QLN	ENCFF072THO
middle_frontal_area_46_ID_1740	ENCFF168QLN	ENCFF410HNA
middle_frontal_area_46_ID_1741	ENCFF168QLN	ENCFF796DQP
middle_frontal_area_46_ID_1742	ENCFF168QLN	ENCFF631NPO
middle_frontal_area_46_ID_1743	ENCFF168QLN	ENCFF918FSP
middle_frontal_area_46_ID_1744	ENCFF168QLN	ENCFF452ZUU
middle_frontal_area_46_ID_1745	ENCFF168QLN	ENCFF484FUP
middle_frontal_area_46_ID_1746	ENCFF168QLN	ENCFF672JEP
middle_frontal_area_46_ID_1747	ENCFF168QLN	ENCFF377JWQ
middle_frontal_area_46_ID_1748	ENCFF168QLN	ENCFF071LLG
middle_frontal_area_46_ID_1749	ENCFF168QLN	ENCFF022JBB
middle_frontal_area_46_ID_1750	ENCFF168QLN	ENCFF176VAR
middle_frontal_area_46_ID_1751	ENCFF559PFP	ENCFF932FVV
middle_frontal_area_46_ID_1752	ENCFF559PFP	ENCFF777JWI
middle_frontal_area_46_ID_1753	ENCFF559PFP	ENCFF638KAU
middle_frontal_area_46_ID_1754	ENCFF559PFP	ENCFF177EVZ
middle_frontal_area_46_ID_1755	ENCFF559PFP	ENCFF535BVG
middle_frontal_area_46_ID_1756	ENCFF559PFP	ENCFF864WAT
middle_frontal_area_46_ID_1757	ENCFF559PFP	ENCFF890ZEQ
middle_frontal_area_46_ID_1758	ENCFF559PFP	ENCFF529VDE
middle_frontal_area_46_ID_1759	ENCFF559PFP	ENCFF633MNX
middle_frontal_area_46_ID_1760	ENCFF559PFP	ENCFF678PNK
middle_frontal_area_46_ID_1761	ENCFF559PFP	ENCFF835QGL
middle_frontal_area_46_ID_1762	ENCFF559PFP	ENCFF682PIO
middle_frontal_area_46_ID_1763	ENCFF559PFP	ENCFF227AWL
middle_frontal_area_46_ID_1764	ENCFF559PFP	ENCFF592TSV
middle_frontal_area_46_ID_1765	ENCFF559PFP	ENCFF114YIV
middle_frontal_area_46_ID_1766	ENCFF559PFP	ENCFF575QTB
middle_frontal_area_46_ID_1767	ENCFF559PFP	ENCFF244QQL
middle_frontal_area_46_ID_1768	ENCFF559PFP	ENCFF761IWV
middle_frontal_area_46_ID_1769	ENCFF559PFP	ENCFF105QXX
middle_frontal_area_46_ID_1770	ENCFF559PFP	ENCFF072THO
middle_frontal_area_46_ID_1771	ENCFF559PFP	ENCFF410HNA
middle_frontal_area_46_ID_1772	ENCFF559PFP	ENCFF796DQP
middle_frontal_area_46_ID_1773	ENCFF559PFP	ENCFF631NPO
middle_frontal_area_46_ID_1774	ENCFF559PFP	ENCFF918FSP
middle_frontal_area_46_ID_1775	ENCFF559PFP	ENCFF452ZUU
middle_frontal_area_46_ID_1776	ENCFF559PFP	ENCFF484FUP
middle_frontal_area_46_ID_1777	ENCFF559PFP	ENCFF672JEP
middle_frontal_area_46_ID_1778	ENCFF559PFP	ENCFF377JWQ
middle_frontal_area_46_ID_1779	ENCFF559PFP	ENCFF071LLG
middle_frontal_area_46_ID_1780	ENCFF559PFP	ENCFF022JBB
middle_frontal_area_46_ID_1781	ENCFF559PFP	ENCFF176VAR
colonic_mucosa_ID_1782	ENCFF848KXU	ENCFF282AQV
SJCRH30_ID_1783	ENCFF610BTY	ENCFF936CKN,ENCFF858VHX
B_cell_ID_1784	ENCFF047WQS	ENCFF314EHO,ENCFF831QZY
B_cell_ID_1785	ENCFF111HWL	ENCFF314EHO,ENCFF831QZY
psoas_muscle_ID_1786	ENCFF402FWE	ENCFF254OBY
psoas_muscle_ID_1787	ENCFF470GEE	ENCFF254OBY
psoas_muscle_ID_1788	ENCFF235FOP	ENCFF254OBY
psoas_muscle_ID_1789	ENCFF235FOP	ENCFF753DPB
psoas_muscle_ID_1790	ENCFF438HCN	ENCFF254OBY
tibial_nerve_ID_1791	ENCFF188DKY	ENCFF430ORU
adrenal_gland_ID_1792	ENCFF739QZS	ENCFF750LIM,ENCFF022LSJ,ENCFF609UAW
adrenal_gland_ID_1793	ENCFF890BEY	ENCFF750LIM,ENCFF022LSJ,ENCFF609UAW
adrenal_gland_ID_1794	ENCFF502HWT	ENCFF750LIM,ENCFF022LSJ,ENCFF609UAW
adrenal_gland_ID_1795	ENCFF777YOX	ENCFF750LIM,ENCFF022LSJ,ENCFF609UAW
adrenal_gland_ID_1796	ENCFF584UUX	ENCFF750LIM,ENCFF022LSJ,ENCFF609UAW
upper_lobe_of_left_lung_ID_1797	ENCFF459ABZ	ENCFF325LKK
upper_lobe_of_left_lung_ID_1798	ENCFF459ABZ	ENCFF637XGS
upper_lobe_of_left_lung_ID_1799	ENCFF253RQL	ENCFF325LKK
upper_lobe_of_left_lung_ID_1800	ENCFF253RQL	ENCFF637XGS
upper_lobe_of_left_lung_ID_1801	ENCFF197JQT	ENCFF325LKK
upper_lobe_of_left_lung_ID_1802	ENCFF197JQT	ENCFF637XGS
left_lung_ID_1803	ENCFF875NSU	ENCFF135FPL
left_lung_ID_1804	ENCFF875NSU	ENCFF355ZRJ
left_lung_ID_1805	ENCFF788WSX	ENCFF135FPL
left_lung_ID_1806	ENCFF788WSX	ENCFF355ZRJ
left_lung_ID_1807	ENCFF885VDJ	ENCFF135FPL
left_lung_ID_1808	ENCFF885VDJ	ENCFF355ZRJ
left_lung_ID_1809	ENCFF667CIC	ENCFF135FPL
left_lung_ID_1810	ENCFF667CIC	ENCFF355ZRJ
left_lung_ID_1811	ENCFF189XJQ	ENCFF135FPL
left_lung_ID_1812	ENCFF189XJQ	ENCFF355ZRJ
left_lung_ID_1813	ENCFF799RBH	ENCFF135FPL
left_lung_ID_1814	ENCFF799RBH	ENCFF355ZRJ
left_ventricle_myocardium_inferior_ID_1815	ENCFF570JPA	ENCFF260DUN,ENCFF364JLU
small_intestine_ID_1816	ENCFF058UUA	ENCFF150DJJ
small_intestine_ID_1817	ENCFF058UUA	ENCFF457AMO
small_intestine_ID_1818	ENCFF058UUA	ENCFF181JQV
HepG2_ID_1819	ENCFF878RGP	ENCFF268MFV
skeletal_muscle_myoblast_ID_1820	ENCFF253FMQ	ENCFF899LQA,ENCFF702NBI
CD14-positive_monocyte_ID_1821	ENCFF839VOM	ENCFF541EYI
neuronal_stem_cell_ID_1822	ENCFF204GFI	ENCFF845CMF
Peyer's_patch_ID_1823	ENCFF186GCD	ENCFF585RAU
Peyer's_patch_ID_1824	ENCFF186GCD	ENCFF507VVN
mesenchymal_stem_cell_ID_1825	ENCFF701GQV	ENCFF214ROW
mammary_epithelial_cell_ID_1826	ENCFF287LBM	ENCFF112MQP,ENCFF041ROD
uterus_ID_1827	ENCFF060XFZ	ENCFF287FSH
sigmoid_colon_ID_1828	ENCFF800ZBY	ENCFF841NXH
stomach_ID_1829	ENCFF925NGU	ENCFF981BXE
stomach_ID_1830	ENCFF925NGU	ENCFF534LPZ
